match_id,status,DURASI,hero_1,hero_2,hero_3,hero_4,hero_5,R1,R2,R3,R4,R5,L1,L2,L3,L4,L5,K,D,A,NET,GPM,XPM,DMG,HEAL,BLD,WARDS_KUNING,WARDS_BIRU,IH1_1,IH1_2,IH1_3,IH1_4,IH1_5,IH1_6,IH1_7,IH2_1,IH2_2,IH2_3,IH2_4,IH2_5,IH2_6,IH2_7,IH3_1,IH3_2,IH3_3,IH3_4,IH3_5,IH3_6,IH3_7,IH4_1,IH4_2,IH4_3,IH4_4,IH4_5,IH4_6,IH4_7,IH5_1,IH5_2,IH5_3,IH5_4,IH5_5,IH5_6,IH5_7
6806547565,W,0:31:54,85,38,17,137,14,Support,Core,Core,Core,Core,Bottom,Top,Middle,Roaming,Bottom,31,11,80,71700,2500,3300,75300,14000,20100,15,22,269,214,218,79,30,185,290,185,635,36,29,9,116,306,63,116,178,259,250,41,361,50,116,185,1,36,31,574,50,116,117,1,108,131,331
6806547565,L,0:31:54,110,136,58,22,41,Support,Core,Support,Core,Core,Bottom,Bottom,Roaming,Middle,Top,10,37,30,45300,1800,1900,55500,3600,1200,16,30,0,0,34,98,244,214,290,50,11,36,17,73,116,949,185,218,29,0,36,593,676,259,36,100,180,0,41,990,63,116,166,0,36,75,306
6808446343,L,0:32:19,38,19,128,14,114,Core,Support,Support,Core,Core,Top,Top,Roaming,Bottom,Middle,19,37,37,51100,1900,2400,91800,1400,3300,15,25,931,11,635,34,0,0,675,180,40,34,244,1,188,838,102,188,218,34,29,38,357,31,50,116,108,73,125,358,50,116,168,36,569,252,828
6808446343,W,0:32:19,54,136,61,52,31,Core,Support,Core,Core,Support,Top,Bottom,Bottom,Middle,Top,37,20,98,77200,2700,3500,105200,11700,30200,16,27,112,50,143,151,154,168,828,30,1,36,214,254,232,949,139,75,908,180,116,75,381,48,119,121,31,1,116,357,36,102,254,218,214,0,675
6808093633,L,0:31:08,128,65,43,6,137,Support,Core,Core,Core,Support,Bottom,Middle,Top,Bottom,Top,11,28,24,44700,1600,1900,63400,0,2200,14,27,0,0,42,102,36,214,331,48,36,116,1,40,232,828,244,596,48,40,36,116,1076,263,63,116,34,75,75,309,214,36,188,21,0,40,680
6808093633,W,0:31:08,16,106,51,10,111,Core,Core,Support,Core,Support,Bottom,Middle,Roaming,Top,Bottom,28,12,61,65900,2200,2800,83600,11400,19000,15,28,1,226,36,29,100,73,675,50,36,147,141,569,166,331,0,214,0,36,102,593,949,63,596,160,147,116,152,376,29,37,232,36,92,244,356
6809812984,W,0:25:05,11,17,61,51,75,Core,Core,Core,Support,Support,Bottom,Middle,Top,Bottom,Top,29,10,65,53000,2300,2800,73400,2100,7600,13,21,172,63,112,73,116,236,828,41,36,154,178,63,273,589,36,908,180,90,57,24,946,36,214,40,60,0,102,290,0,267,0,36,180,38,990
6809812984,L,0:25:05,10,19,135,88,31,Core,Core,Core,Support,Support,Top,Middle,Bottom,Bottom,Top,10,29,18,34000,1500,1800,44100,391,1200,12,23,170,36,75,596,63,26,212,41,21,252,1,36,63,589,50,116,36,178,11,30,331,1,593,16,214,42,34,840,36,180,43,0,593,39,838
6809523804,W,0:54:41,3,88,23,4,33,Support ,Support,Core,Core,Core,Bottom,Top,Middle,Bottom,Top,52,21,108,128400,2800,3400,146700,7300,27900,25,47,226,29,102,116,43,36,585,256,218,1,36,214,100,335,141,600,116,220,249,112,638,158,603,116,208,50,123,825,29,116,1,908,110,232,571
6809523804,L,0:54:41,51,67,120,38,75,Support,Core,Core,Core,Support,Bottom ,Top,Middle,Bottom,Top,21,52,44,98900,2300,2800,123100,4100,7900,26,50,102,214,36,1,226,218,364,208,63,139,160,147,108,837,1,108,116,63,123,143,309,110,102,635,0,29,235,585,102,110,43,180,188,36,336
6808122743,W,0:38:38,10,52,88,55,128,Core,Core,Support,Core,Support,Bottom ,Middle,Middle,Top,Bottom,33,7,98,83300,2400,3200,81400,8900,19200,19,34,147,116,149,108,63,160,376,116,119,259,1,121,48,381,1,214,34,102,30,61,331,180,116,36,108,1,242,680,102,908,254,36,0,29,675
6808122743,L,0:38:38,58,48,92,11,7,Support,Core,Core,Core,Support,Jungle,Top,Bottom,Middle,Roaming,7,33,18,63700,1900,2100,65600,3500,6700,18,35,43,63,0,185,236,40,573,172,63,116,110,108,236,289,36,908,29,90,0,596,574,63,149,116,123,236,36,376,1,244,232,40,29,43,290
6806566779,L,0:31:51,15,136,65,46,96,Core,Support,Core,Core,Support,Top,Top,Middle,Bottom,Bottom,7,38,8,54500,2000,2300,47300,1900,2100,14,25,75,75,116,63,36,154,381,50,36,17,116,0,216,949,1,116,232,48,36,244,676,1,236,149,63,168,116,288,214,102,36,1,218,0,675
6806566779,W,0:31:51,111,135,22,5,14,Support,Core,Core,Support,Core,Bottom,Bottom,Middle,Top,Top,38,7,76,69500,2500,3400,106300,9300,13600,16,28,36,59,1,244,29,40,288,50,908,1,210,178,36,834,235,36,1,48,273,244,306,218,36,37,254,214,265,290,1,119,116,108,50,125,358
6807880611,W,0:33:23,102,59,120,9,11,Support,Core,Core,Support,Core,Top,Middle,Bottom,Roaming,Top,20,24,49,68900,2200,2600,71400,15200,27600,16,25,226,29,36,593,0,188,675,73,210,63,116,151,73,381,1,908,226,29,569,30,573,0,593,180,100,79,75,356,147,63,139,263,156,596,361
6807880611,L,0:33:23,75,137,58,39,70,Support,Core,Support,Core,Core,Top,Bottom,Bottom,Middle,Top,24,20,34,56900,2000,2500,74000,737,4200,16,29,102,218,190,63,16,40,840,50,40,36,9,108,116,589,263,0,63,40,36,485,1077,534,77,98,63,30,210,289,50,116,6,174,75,1,361
6809894646,W,0:42:57,51,13,40,136,10,Support,Core,Core,Support,Core,Jungle,Middle,Top,Bottom,Bottom,27,32,68,97600,2500,3200,108500,20300,20200,20,37,42,36,102,226,0,214,336,1,176,63,534,204,256,311,1,267,908,30,29,226,949,116,34,50,143,16,43,364,116,141,123,147,117,160,362
6809894646,L,0:42:57,3,137,38,109,101,Support,Core,Core,Core,Support,Top,MIddle,Bottom,Top,Roaming,31,27,70,78700,2200,2600,102200,4400,11200,20,38,214,232,218,244,34,188,676,116,110,50,1,41,273,834,29,244,232,635,36,116,949,263,63,116,147,160,123,376,29,36,232,88,31,218,336
6816712704,W,0:39:08,28,74,128,114,89,Core,Core,Support,Core,Support,Top,Middle,Bottom,Bottom,Top,30,12,73,95800,2600,3400,111200,10200,25700,18,21,1,116,143,65,63,112,834,48,1,96,116,110,235,289,29,187,218,36,185,79,676,63,160,168,116,143,598,1077,29,1,0,0,908,30,574
6816712704,L,0:39:08,58,11,108,19,75,Support,Core,Core,Core,Support,Jungle,Top,Bottom,Middle,Roaming,12,31,33,62500,1900,2200,77300,4800,7100,18,35,102,63,36,21,236,218,574,172,263,116,63,141,75,376,116,908,596,36,9,50,949,63,1,149,108,252,36,381,185,180,102,188,36,218,676
6808030636,W,0:42:16,5,88,9,135,11,Support,Support,Core,Core,Core,Bottom,Top,Top,Bottom,Middle,39,12,102,102200,2700,3700,129500,4900,29200,20,35,37,29,43,232,36,1,949,100,108,1,36,214,188,289,63,116,123,1466,30,596,362,569,1,116,168,50,112,358,249,604,116,263,117,123,288
6808030636,L,0:42:16,114,35,61,66,10,Support,Core,Core,Support,Core,Bottom,Middle,Bottom,Jungle,Top,19,39,55,66100,2000,2600,82200,13200,6700,20,38,250,36,0,40,75,0,834,172,63,149,263,116,485,949,908,9,36,180,210,40,574,188,86,79,102,0,29,676,596,63,147,108,160,116,311
6807892967,W,0:29:07,85,123,19,129,14,Support,Support,Core,Core,Core,Bottom,Roaming,Middle,Top,Bottom,31,6,66,67100,2500,3000,66300,6200,17900,15,28,43,265,36,180,81,188,212,231,254,0,218,36,92,306,63,252,1,152,36,116,828,1,116,168,596,30,50,331,116,1,50,108,31,125,358
6807892967,L,0:29:07,58,41,78,17,136,Support,Core,Core,Core,Support,Top,Top,Bottom,Middle,Bottom,6,31,15,41500,1600,1800,38900,3300,2700,14,26,102,63,36,0,17,188,349,65,63,116,11,166,34,381,178,908,214,36,11,0,358,63,116,40,41,534,36,361,265,36,188,116,50,218,1077
6809815986,W,0:32:29,87,136,72,23,61,Support,Support,Core,Core,Core,Top,Bottom,Bottom,Middle,Top,29,13,80,72900,2500,3100,77000,10900,29600,14,28,0,180,0,108,36,0,990,50,116,43,36,244,40,828,141,116,156,108,63,75,381,73,24,50,112,116,73,949,96,75,180,908,90,596,309
6809815986,L,0:32:29,64,25,106,33,88,Support,Core,Core,Core,Support,Top,Middle,Top,Bototm,Bottom,13,30,25,48900,1800,2100,77500,1500,2700,16,30,180,79,36,218,244,188,577,16,141,41,63,188,116,288,149,166,116,596,50,36,361,20,232,29,36,0,908,358,214,36,1,43,188,244,675
6807772753,L,0:41:35,123,136,22,85,48,Support,Core,Core,Support,Core,Top,Top,Middle,Bottom,Bottom,17,27,40,68100,2000,2500,112200,4300,2300,19,37,102,36,1,40,218,214,949,50,226,36,116,73,143,309,48,116,1,36,273,232,289,36,218,254,40,29,244,834,152,147,116,263,63,160,288
6807772753,W,0:41:35,68,113,52,89,88,Support,Core,Core,Core,Support,Bottom,Middle,top,Bottom,Top,27,17,64,101400,2700,3200,119700,963,14300,19,36,180,102,34,218,31,244,290,1,96,1466,48,108,235,362,96,116,1,121,48,176,311,108,90,63,908,36,223,574,214,102,1,43,30,36,676
6806282981,W,0:47:54,128,52,97,114,19,Support,Core,Core,Core,Support,Roaming,Middle,Top,Bottom,Top,40,17,99,108300,2500,3500,129000,195,22700,22,37,229,185,116,218,29,30,336,116,96,121,220,119,273,300,102,596,1,36,235,63,675,225,117,116,208,160,252,571,214,1,102,100,36,37,311
6806282981,L,0:47:54,30,96,10,51,77,Support,Core,Core,Support,Core,Roaming,Bottom,Middle,Roaming,Top,17,40,42,76400,1900,2400,105100,3900,3400,23,42,102,29,244,267,218,215,990,1,29,102,226,125,90,571,63,116,160,108,598,152,311,214,102,244,40,108,36,949,225,116,216,29,112,635,364
6809556554,W,1:05:47,33,19,35,109,85,Core,Support,Core,Core,Support,Top,Top,Middle,Bottom,Bottom,37,38,96,139000,2600,3000,175500,15700,33200,30,55,908,1,235,48,116,110,0,48,1,36,102,100,37,301,603,249,116,135,141,263,677,1,225,160,147,96,116,366,29,0,226,102,36,37,829
6809556554,L,1:05:47,6,97,52,137,75,Core,Core,Core,Core,Support,Top,Bottom,Middle,Roaming,Bottom,38,38,93,143900,2800,3100,190300,92,15100,31,58,147,249,116,263,156,139,366,102,1,61,48,116,232,311,119,96,121,48,600,116,291,1,116,37,214,0,185,829,158,81,254,30,214,110,290
6807886186,L,0:24:10,41,25,77,58,9,Core,Core,Core,Support,Core,Bottom,Middle,Top,Bottom,Roaming,12,20,22,41000,1900,2100,31200,940,2600,11,19,75,63,36,21,65,166,306,116,36,149,65,88,48,1077,244,86,11,635,16,55,358,36,63,39,244,593,43,356,42,267,40,36,29,0,680
6807886186,W,0:24:10,5,33,52,19,80,Support,Core,Core,Support,Core,Top,Bottom,Top,Bottom,Middle,20,13,43,54300,2500,2600,45400,310,23200,10,20,102,29,43,254,88,244,356,1,29,0,0,16,908,947,48,116,77,1,77,121,349,180,42,188,1,244,36,680,0,16,16,29,16,16,1076
6808330940,W,0:29:56,5,81,76,29,19,Support,Core,Core,Core,Support,Bottom,Bottom,Middle,Top,Roaming,27,12,76,67200,2400,3100,71600,5800,11600,15,30,214,254,36,185,188,218,990,151,1,116,63,36,598,828,1,65,232,48,77,108,212,1,90,50,908,123,36,349,180,1,34,244,40,102,0
6808330940,L,0:29:56,30,136,10,65,69,Support,Support,Core,Core,Core,Bottom,Middle,Top,Middle,Bottom,12,28,22,50100,2000,2300,48500,377,754,13,25,218,180,237,188,36,1,358,50,188,218,36,21,39,212,75,147,108,596,63,36,573,48,232,116,36,41,244,361,116,65,1,50,232,244,331
6809483969,L,0:33:37,66,27,70,137,19,Support,Support,Core,Core,Core,Top,Bottom,Bottom,Top,Middle,16,26,32,56600,1900,2300,6400,7200,4400,15,26,0,79,269,81,43,44,676,218,38,1,36,0,214,675,26,1,174,116,63,36,828,123,116,273,50,73,244,349,152,1,252,116,50,0,949
6809483969,W,0:33:37,51,95,52,69,88,Support,Core,Core,Core,Support,Bottom,Top,Middle,Bottom,Top,25,16,52,74300,2500,3300,79900,402,10000,16,28,102,214,30,218,30,244,676,116,50,156,75,154,145,573,273,119,36,48,121,244,574,244,1,116,65,235,48,289,1,214,36,57,257,244,306
6807886590,W,0:29:35,53,120,43,137,50,Core,Core,Core,Support,Support,Bottom,Middle,Top,Top,Bottom,26,4,60,72300,2600,2900,72700,8200,17500,15,27,1466,156,63,116,112,65,309,36,174,29,59,1,143,946,1,100,116,36,9,50,306,178,40,116,36,9,214,949,244,269,43,29,39,232,680
6807886590,L,0:29:35,29,74,11,19,111,Core,Core,Core,Support,Support,Bottom,Middle,Top,Top,Bottom,4,27,12,45000,1700,1900,37100,3000,1100,15,21,1,908,11,15,50,73,990,36,65,102,48,116,60,680,63,149,11,36,116,263,288,29,11,0,36,0,244,290,180,43,0,36,37,0,0
6831574509,W,0:27:52,75,88,35,10,38,Support,Support,Core,Core,Core,Roaming,Middle,Bottom,Middle,Top,24,14,53,57700,2400,2900,75500,3500,28300,12,21,37,29,102,92,36,218,331,43,188,1,36,214,0,306,75,263,158,0,63,34,828,75,160,63,263,147,41,1076,635,244,1,21,11,29,1077
6831574509,L,0:27:52,31,33,137,100,54,Support,Core,Core,Support,Core,Jungle,Bottom,Middle,Bottom,Top,14,24,28,43900,1800,2100,39600,2100,2400,13,25,102,29,188,218,36,244,288,908,21,16,16,39,29,990,50,116,108,36,244,41,949,214,244,36,1,188,42,945,50,168,569,151,143,11,828
6806790160,L,0:44:14,46,52,129,86,66,Core,Core,Core,Support,Support,Bottom,Middle,Top,Top,Bottom,9,29,14,80700,2200,2500,60800,5900,4000,22,41,1,249,63,236,168,250,638,119,121,48,37,116,0,571,1,73,116,596,69,50,949,1,29,43,36,232,244,300,908,79,0,0,29,0,290
6806790160,W,0:44:14,97,120,43,54,9,Support,Core,Core,Core,Support,Top,Middle,Bottom,Top,Bottom,29,9,70,108500,2600,3400,86300,6100,28800,20,38,1,229,180,30,43,34,336,226,208,174,600,30,29,311,116,48,1,96,210,119,571,151,225,73,50,160,112,573,29,36,267,226,40,908,834
6808011785,L,0:28:57,120,27,136,94,23,Core,Support,Support,Core,Core,Top,Top,Bottom,Bottom,Middle,5,31,14,45300,1800,2000,47900,546,2100,15,28,180,174,210,11,36,569,946,180,36,265,43,1,244,990,50,86,216,36,43,244,356,236,147,63,160,36,2,212,50,41,116,73,73,162,680
6808011785,W,0:28:57,29,19,13,46,31,Core,Support,Core,Core,Support,Bottom,Bottom,Middle,Top,Top,31,6,74,68000,2600,3200,69900,0,19100,16,26,178,100,210,50,156,34,574,50,1,36,0,100,39,680,1,277,534,63,273,30,357,63,1,168,236,141,116,288,180,36,0,102,43,38,306
6806751717,L,0:44:18,85,22,63,26,18,Support,Core,Core,Support,Core,Top,Middle,Top,Bottom,Bottom,11,54,35,69600,1900,2400,89700,5600,1700,22,32,218,36,79,39,593,29,680,232,77,29,116,108,273,675,226,108,908,0,75,267,309,214,1,593,36,593,23,585,250,63,116,1,249,172,573
6806751717,W,0:44:18,58,10,78,120,75,Support,Core,Core,Core,Support,Top,Top,Bottom,Middle,Bottom,54,12,132,116000,2800,3700,147600,13900,30400,19,37,263,63,36,116,30,226,288,156,48,116,108,160,154,381,116,908,600,112,65,214,362,180,1,174,123,108,143,335,235,931,102,40,36,0,336
6809539681,L,0:41:17,33,120,104,50,89,Core,Core,Core,Support,Core,Bottom,Middle,Bottom,Top,Top,20,27,46,79800,2300,2700,105700,19100,6300,20,35,1,908,116,180,240,57,289,180,143,156,174,116,108,376,127,1,116,50,36,9,825,36,180,218,31,188,244,336,36,160,147,250,63,114,638
6809539681,W,0:41:17,64,113,80,78,19,Support,Core,Core,Core,Support,Roaming,Middle,Bottom,Top,Middle,27,20,68,94000,2600,3200,124800,5200,26800,20,37,231,593,43,0,36,0,336,1,65,1466,235,48,108,311,75,75,75,75,29,117,358,0,108,29,908,226,92,834,30,100,1,50,37,0,676
6815136578,W,0:24:09,9,93,100,92,19,Support,Core,Core,Core,Support,Bottom,Bottom,Middle,Top,Top,26,7,64,51400,2200,2700,58000,2900,15500,11,21,180,102,185,36,94,40,358,174,596,36,63,8,108,1077,50,1,41,36,596,116,577,908,86,9,90,36,29,680,50,1,34,244,23,40,840
6815136578,L,0:24:09,16,106,10,5,111,Core,Core,Core,Support,Support,Bottom,Middle,Top,Top,Roaming,7,26,20,34800,1600,1800,47900,2400,272,13,18,1,29,73,73,190,36,840,50,569,36,41,116,166,828,63,26,22,170,36,236,838,23,593,42,36,214,188,290,29,37,218,36,92,0,212
6807936112,W,0:33:52,88,33,17,3,41,Support,Core,Core,Support,Core,Roaming,Top,Middle,Bottom,Bottom,42,17,88,77100,2600,3400,103500,3600,21700,16,29,102,37,1,30,214,259,290,29,908,1,116,235,36,289,534,36,116,98,63,259,361,36,37,40,29,232,593,675,65,147,116,158,63,117,381
6807936112,L,0:33:52,85,6,120,136,60,Support,Core,Core,Support,Core,Bottom,Top,Middle,Roaming,Bottom,16,44,43,50300,1800,2300,48900,7200,1200,16,30,254,29,0,36,40,218,290,34,63,116,263,170,75,361,1,36,123,180,174,569,828,50,42,8,36,188,21,949,29,1,151,116,8,17,381
6810821982,W,0:43:40,14,25,136,86,85,Core,Core,Core,Support,Support,Bottom,Middle,Top,Bottom,Jungle,22,22,47,95300,2300,3000,88500,3200,19500,22,41,50,1,226,108,119,116,571,48,1,135,123,116,141,376,116,0,75,225,40,50,638,36,1,108,214,232,30,290,218,29,226,36,37,188,585
6810821982,L,0:43:40,57,65,11,75,19,Support,Core,Core,Core,Support,Roaming,Middle,Top,Bottom,Bottom,22,23,54,69200,1900,2500,86000,4500,1600,21,37,29,79,269,218,188,0,675,1,41,102,48,232,116,362,236,116,249,139,63,156,571,75,36,180,263,1,75,381,244,102,1,50,43,36,825
6807938213,L,0:45:11,80,129,11,128,57,Core,Core,Core,Support,Support,Top,Bottom,Middle,Bottom,Roaming,20,25,56,81300,2000,2500,101500,11900,18600,21,39,75,75,75,75,29,143,573,0,1,908,50,116,596,949,41,147,263,63,123,116,362,244,79,36,214,226,0,676,36,218,226,214,0,40,336
6807938213,W,0:45:11,75,65,10,61,88,Support,Core,Core,Core,Support,Top,Middle,Bottom,Top,Middle,25,20,77,95600,2400,3200,126800,11700,11200,21,37,180,263,43,36,75,0,306,1,0,110,235,48,116,300,147,141,116,139,117,108,837,75,36,231,112,33,908,335,36,100,1,43,0,214,585
6807768064,L,0:34:17,128,108,81,136,135,Core,Core,Core,Support,Support,Bottom,Middle,Top,Top,Bottom,25,30,31,62700,2200,2500,66200,5200,8100,16,24,63,1,108,36,232,73,675,41,63,206,116,112,36,361,151,116,63,598,24,114,574,50,218,8,36,244,21,1076,29,244,108,0,269,38,676
6809701946,W,0:23:56,88,55,19,5,46,Support,Core,Core,Support,Core,Roaming,Top,Middle,Bottom,Bottom,33,11,86,48000,2300,3100,73200,1700,8800,11,22,36,43,1,214,43,593,990,180,242,1,16,81,34,306,244,1,50,116,36,252,828,102,214,36,43,185,0,349,1,117,168,263,63,36,1077
6809612544,W,0:36:09,109,137,61,18,27,Core,Core,Core,Support,Support,Bottom,Middle,Top,Bottom,Top,31,13,64,83700,2500,2900,69500,6600,24200,18,28,141,63,263,170,116,160,376,1,50,41,116,30,96,573,36,908,180,116,112,108,834,36,214,1,42,0,102,289,1,244,0,116,180,188,990
6808292501,L,0:49:43,3,6,25,136,28,Support,Core,Core,Support,Core,Bottom,Bottom,Middle,Top,Top,23,45,45,103400,2500,2900,100500,9400,6400,23,24,102,29,36,218,232,0,675,160,63,116,263,147,158,362,596,156,110,48,116,249,376,50,116,0,0,36,0,585,63,1,172,116,247,112,638
6809547720,L,0:32:56,114,65,33,5,100,Core,Core,Core,Support,Support,Top,Middle,Bottom,Top,Jungle,21,37,55,56800,2000,2400,87300,3000,3900,16,25,36,63,108,158,26,116,309,48,1,232,41,116,36,574,34,180,0,1,21,908,990,0,36,216,931,188,216,675,29,1,218,36,0,593,306
6818704228,W,0:33:08,5,61,52,100,4,Support,Core,Core,Support,Core,Bottom,Top,Middle,Roaming,Bottom,38,16,92,84800,2700,3600,100000,2900,28000,16,27,102,180,30,185,0,254,306,90,29,75,232,108,908,289,48,116,9,1,121,96,675,214,36,40,1,75,244,834,50,116,160,143,158,11,376
6810906509,W,0:38:55,30,136,52,33,99,Support,Support,Core,Core,Core,Roaming,Top,Middle,Top,Bottom,38,15,67,85500,2500,3200,90300,5300,26900,19,34,36,43,908,214,0,593,306,116,50,143,40,36,181,574,119,121,1,48,273,116,571,1,116,30,180,123,267,675,116,125,112,156,63,108,381
6809417360,W,0:39:09,14,46,137,18,128,Core,Core,Core,Support,Support,Bottom,Middle,Top,Bottom,Top,35,17,94,86200,2400,3200,101800,4500,22700,18,37,50,125,1,178,116,108,376,1,141,168,263,116,117,361,110,1,50,116,119,36,311,36,29,42,244,908,102,573,231,102,36,37,0,0,675
6810863490,W,0:40:09,87,100,4,52,23,Support,Support,Core,Core,Core,Top,Roaming,Bottom,Top,Middle,36,19,82,91200,2500,3300,100700,0,21100,17,34,108,180,43,593,36,0,290,50,102,1,36,0,100,335,143,116,158,123,50,75,376,96,116,1,121,30,48,362,210,250,116,112,50,73,361
6809742301,L,0:40:05,65,19,13,54,85,Core,Support,Core,Core,Support,Top,Top,Middle,Bottom,Bottom,17,40,35,64700,2000,2300,80100,2000,1700,20,40,116,1,102,48,244,36,675,50,1,36,102,0,37,834,1,36,116,63,273,534,289,151,123,149,50,168,55,573,180,36,0,102,218,244,290
6810944275,L,0:58:12,73,11,20,88,64,Core,Core,Core,Support,support,Bottom,Middle,Top,Bottom,Middle,28,57,64,109800,2500,3200,155400,0,9400,27,45,600,249,145,116,112,225,335,604,116,110,256,96,63,676,63,102,75,108,0,235,990,1,0,100,36,214,256,571,29,36,610,232,0,102,675
6808348917,L,0:22:19,97,31,18,19,120,Core,Support,Core,Support,Core,Bottom,Top,Top,Bottom,Bottom,7,23,16,32500,1600,1900,25000,0,772,11,17,29,1,34,11,232,73,945,43,0,593,36,29,0,946,172,116,63,2,36,252,358,180,188,34,244,1,0,840,41,11,36,174,29,240,828
6806142086,L,0:30:31,33,19,109,102,40,Core,Support,Core,Support,Core,Top,Top,Bottom,Bottom,Middle,11,38,22,44300,1700,1800,71400,6200,4500,14,23,1,29,187,908,8,21,840,180,244,36,0,1,31,349,116,170,63,236,598,24,361,102,43,188,36,0,214,990,41,36,116,0,29,267,589
6808178906,W,0:46:40,98,64,137,80,111,Core,Support,Core,Core,Support,Top,Bottom,Middle,Bottom,Middle,29,38,71,91400,2200,3200,111300,16400,20000,22,31,1,116,273,117,96,226,311,102,214,254,36,0,0,290,50,1,119,116,110,30,364,31,75,75,29,75,33,834,29,37,108,36,92,0,825
6811140084,W,0:49:51,87,100,22,33,41,Support,Support,Core,Core,Core,Jungle,Jungle,Middle,Top,Bottom,53,15,128,124000,2700,3600,180000,4800,24500,23,36,216,229,254,36,218,214,306,1,50,108,116,30,33,571,235,108,110,48,273,116,311,1,908,116,29,235,110,834,116,160,117,158,154,133,376
6817224250,L,0:41:50,88,29,22,5,93,Support,Core,Core,Support,Core,Bottom,Top,Middle,Top,Middle,12,41,23,65800,2000,2200,94900,1700,949,20,38,37,36,102,244,214,40,331,50,210,1,908,31,37,949,214,176,100,41,232,108,589,40,218,37,102,36,214,676,143,108,116,598,63,160,381
6806158709,W,0:44:10,11,120,69,7,87,Core,Core,Core,Support,Support,Bottom,Middle,Top,Bottom,Top,46,20,81,105500,2700,3600,114100,195,22200,21,37,117,604,249,135,263,116,376,63,600,30,174,116,208,585,110,235,48,1,108,116,311,40,1,0,214,265,256,362,244,180,254,34,30,40,336
6810932324,W,0:36:37,5,33,137,100,6,Support,Core,Core,Support,Core,Bottom,Top,Middle,Middle,Bottom,43,14,95,82200,2500,3200,98200,4500,32900,17,30,102,214,88,185,0,43,358,1,232,242,29,908,0,675,50,116,119,1,273,41,289,214,102,0,1,185,36,680,263,147,123,63,141,116,381
6806291706,L,0:35:33,135,10,78,106,75,Support,Core,Core,Core,Support,Bottom,Bottom,Top,Middle,Top,15,38,32,54300,1800,2000,96400,4400,1800,15,31,102,29,37,79,36,218,376,63,36,116,108,170,596,573,36,908,1,65,11,50,949,50,116,41,569,108,36,358,188,180,102,244,36,218,212
6813739089,W,0:47:15,19,120,22,5,4,Support,Core,Core,Support,Core,Top,Top,Middle,Bottom,Bottom,37,19,104,107600,2500,3400,150200,6300,18000,22,40,100,210,1,36,30,50,335,29,226,1,908,143,256,834,256,176,1,48,235,108,300,102,37,43,931,36,0,336,208,147,116,158,249,117,381
6817320059,W,0:49:33,31,81,120,69,9,Support,Core,Core,Core,Support,Bottom,Bottom,Middle,Top,Top,30,20,84,126600,2700,3400,113400,9700,20100,23,43,931,102,40,36,188,43,290,117,600,151,63,123,112,638,600,174,143,180,256,119,300,600,110,116,220,235,108,289,210,908,96,29,30,102,585
6810984589,L,0:43:24,5,95,13,19,137,Support,Core,Core,Support,Core,Bottom,Bottom,Middle,Top,Top,13,27,21,79700,2100,2500,90300,195,3600,21,38,244,214,36,218,21,0,306,116,1,143,160,50,145,381,600,235,256,63,534,273,289,1,102,116,214,188,0,290,50,178,226,116,273,40,949
6806101302,L,0:56:52,85,128,52,120,109,Support,Support,Core,Core,Core,Bottom,Top,Middle,Top,Bottom,35,27,81,126800,2700,2900,153100,19700,17100,27,50,36,231,102,37,218,86,571,92,102,37,188,256,29,362,121,119,610,48,273,116,834,1,1466,226,29,256,143,585,116,160,147,156,135,139,335
6806146943,L,0:34:43,114,123,43,10,85,Core,Support,Core,Core,Support,Top,Top,Middle,Bottom,Roaming,4,18,12,60800,2000,2100,37200,375,4300,16,29,168,11,116,63,75,75,309,29,36,259,232,38,0,357,1,116,534,63,596,162,834,147,36,596,63,160,26,573,180,34,0,102,43,244,376
6829521976,L,1:07:06,87,100,106,114,97,Support,Support,Core,Core,Core,Bottom,Middle,Middle,Bottom,Top,35,47,89,128400,2700,2900,215000,260,6000,30,52,185,29,226,108,36,43,372,50,43,1,36,108,244,371,48,1466,110,123,116,119,301,135,116,156,110,63,158,292,232,102,1,110,180,256,300
6809888330,W,0:43:52,14,35,135,136,75,Core,Core,Core,Support,Support,Bottom,Middle,Top,Top,Bottom,40,17,82,107000,2700,3600,106800,17400,32900,21,36,50,600,119,116,108,125,571,249,172,160,141,263,63,309,1,143,116,108,112,50,381,50,116,1,9,260,143,638,1,908,75,75,75,63,288
6809417403,L,0:34:21,75,100,13,43,11,Support,Support,Core,Core,Core,Bottom,Roaming,Middle,Top,Bottom,3,26,8,52100,1800,1900,46500,77,2600,17,32,43,190,216,180,0,36,212,1,50,37,36,11,0,361,63,534,1,102,232,273,331,100,116,9,63,16,36,1076,172,152,36,116,63,236,1077
6829692346,W,0:44:52,75,88,6,120,135,Support,Support,Core,Core,Core,Jungle,Bottom,Bottom,Middle,Top,39,25,104,96800,2600,3600,126700,6300,19700,19,31,254,29,102,218,36,256,356,0,108,1,36,214,0,585,139,263,147,116,63,141,573,174,1,119,30,235,29,300,116,112,1,50,168,123,571
6818469926,L,0:51:39,6,120,28,9,85,Core,Core,Core,Support,Support,Bottom,Middle,Top,Top,Bottom,24,35,63,95800,2300,2900,135900,15100,9100,24,46,603,263,63,116,256,249,288,174,600,143,256,48,168,300,1,172,116,256,63,108,825,100,908,92,36,0,29,335,29,0,0,79,37,102,675
6807768064,W,0:34:17,5,89,19,69,123,Support,Core,Core,Core,Support,Bottom,Bottom,Middle,Top,Top,29,25,62,85000,2700,3300,110200,0,4800,16,32,254,102,185,36,214,218,834,114,139,147,63,108,117,574,1,63,41,108,149,252,381,1,65,116,110,48,235,289,43,190,36,232,214,102,361
6809701946,L,0:23:56,8,92,11,136,51,Core,Core,Core,Support,Support,Top,Bottom,Middle,Bottom,Top,10,33,16,35600,1700,1900,48300,4700,2700,12,22,147,50,36,0,166,75,1076,77,0,908,131,36,214,306,41,75,236,63,36,116,288,21,40,36,29,216,0,331,36,593,0,214,0,40,290
6809612544,L,0:36:09,136,6,78,120,87,Support,Core,Core,Core,Support,Top,Top,Bottom,Middle,Bottom,13,31,32,56700,1800,2000,58100,2600,2300,17,33,218,50,0,116,16,0,361,249,63,116,75,236,75,376,178,908,214,36,112,65,289,180,1,174,569,143,36,309,265,29,226,593,36,218,290
6808292501,W,0:49:43,5,11,135,85,89,Support,Core,Core,Support,Core,Bottom,Middle,Bottom,Top,Top,44,23,99,125700,2800,3400,140700,22500,29700,23,40,102,226,36,931,40,0,336,604,117,263,147,116,141,362,908,1,210,50,242,112,571,30,29,226,102,34,86,675,160,225,147,250,63,603,573
6809547720,W,0:32:56,40,136,20,89,11,Core,Support,Support,Core,Core,Top,Middle,Top,Bottom,Middle,35,21,97,78300,2700,3200,100700,8700,29500,16,25,29,1,908,226,267,36,834,50,36,116,11,0,143,355,218,232,593,36,244,214,949,174,147,63,114,143,160,574,116,63,263,0,123,149,288
6818704228,L,0:33:08,128,19,59,106,53,Support,Support,Core,Core,Core,Top,Bottom,Bottom,Middle,Top,16,39,36,51700,1900,2100,77000,220,4900,15,22,43,73,214,36,73,0,212,29,1,216,36,244,188,946,210,116,73,29,151,26,828,569,145,170,48,166,149,289,63,185,116,249,0,598,1076
6810906509,L,0:38:55,14,74,137,66,20,Core,Core,Core,Support,Support,Top,Middle,Bottom,Top,Roaming,15,28,31,65400,1900,2200,72900,8400,3000,18,34,50,259,1,125,116,108,834,1,77,65,102,96,48,309,116,108,50,244,36,259,289,79,29,185,0,218,908,376,1,0,36,59,214,0,990
6809417360,L,0:39:09,20,28,51,120,92,Support,Core,Support,Core,Core,Top,Top,Bottom,Middle,Bottom,17,35,45,55300,1800,2100,80400,4500,2900,19,32,0,0,0,34,214,0,675,63,172,1,6,247,116,573,40,593,108,29,36,31,574,569,143,174,63,36,147,309,214,908,0,77,185,112,212
6810863490,L,0:40:09,10,5,92,19,13,Core,Support,Core,Support,Core,Top,Top,Bottom,Bottom,Middle,19,36,40,68900,2000,2500,86500,3100,4700,20,36,147,63,116,596,141,108,571,36,102,254,218,214,0,675,73,29,908,112,116,36,834,42,1,36,50,100,12,949,29,256,100,273,1,534,300
6809742301,W,0:40:05,88,52,135,15,87,Support,Core,Core,Core,Support,Top,Middle,Bottom,Top,Bottom,40,18,90,98400,2700,3500,116500,8000,26100,19,35,102,1,37,214,36,30,364,48,1,121,119,96,131,676,178,36,168,226,908,50,335,63,156,112,154,108,116,311,43,214,102,36,108,0,290
6810944275,W,0:58:12,110,129,136,35,53,Support,Core,Support,Core,Core,Top,Bottom,Middle,Middle,Roaming,57,28,157,132500,2700,3500,173500,10900,33700,28,49,43,256,0,119,48,34,311,50,256,600,48,0,116,949,50,30,256,143,116,40,837,256,263,156,110,116,141,376,534,249,160,112,116,225,825
6808348917,W,0:22:19,48,136,92,13,3,Core,Support,Core,Core,Support,Bottom,Bottom,Top,Middle,Top,23,7,41,48700,2400,2900,49300,2800,14500,12,22,236,63,116,172,117,154,212,244,21,36,50,8,181,358,29,77,908,55,36,9,838,41,534,259,63,1,36,331,36,232,218,214,188,0,840
6806142086,W,0:30:31,75,52,14,78,18,Support,Core,Core,Core,Support,Bottom,Middle,Top,Bottom,Top,37,11,82,64300,2400,3200,85300,1500,10700,14,27,180,102,43,36,75,75,288,30,100,121,48,9,116,680,125,176,1,108,50,36,357,216,108,180,34,92,908,356,244,43,226,34,29,31,946
6808178906,L,0:46:40,5,106,9,10,136,Support,Core,Core,Core,Support,Top,Middle,Bottom,Top,Bottom,38,29,80,85000,2200,3100,148800,6900,5300,21,38,908,244,36,43,0,214,336,166,110,50,116,273,108,574,116,596,63,1466,75,26,825,249,63,116,147,160,26,381,50,36,116,244,8,0,837
6811140084,L,0:49:51,66,129,136,120,35,Support,Core,Support,Core,Core,Bottom,Bottom,Jungle,Middle,Top,15,53,31,73900,1900,2400,90200,20100,2400,23,43,131,0,79,908,40,29,675,50,596,1,149,232,116,949,50,36,40,43,116,31,571,256,108,174,29,600,143,300,63,247,0,236,249,75,362
6817224250,W,0:41:50,52,136,75,70,23,Core,Support,Support,Core,Core,Bottom,Bottom,Top,Top,Middle,41,12,106,96800,2500,3500,122500,6600,13400,18,33,119,116,1,121,48,273,585,50,218,116,36,0,244,309,37,214,102,73,36,254,336,174,1,116,208,50,38,638,96,249,116,110,36,50,364
6806158709,L,0:44:10,86,13,135,85,35,Support,Core,Core,Support,Core,Bottom,Middle,Bottom,Top,Top,20,46,31,75500,2100,2700,92900,3100,1100,21,39,1,102,36,214,232,0,585,1,63,0,100,534,273,300,116,1,210,50,178,112,574,34,29,218,188,244,908,290,139,63,236,75,249,116,381
6810932324,L,0:36:37,87,120,61,19,10,Support,Core,Core,Support,Core,Bottom,Middle,Bottom,Top,Top,14,44,30,63200,2000,2400,63100,3700,5200,18,29,0,593,43,0,180,0,990,1,36,180,143,174,108,828,180,908,90,36,75,596,676,102,1,37,34,214,0,290,116,63,149,170,160,108,309
6806291706,W,0:35:33,98,64,126,93,103,Core,Support,Core,Core,Support,Bottom,Top,Middle,Top,Bottom,38,16,77,75300,2300,3300,123700,7800,12000,17,29,226,147,273,29,100,160,331,0,231,218,36,0,0,0,50,36,100,176,108,0,289,63,108,123,143,174,596,381,214,36,21,102,229,43,949
6813739089,L,0:47:15,11,74,29,18,75,Core,Core,Core,Support,Support,Top,Middle,Bottom,Jungle,Bottom,19,37,42,75300,1900,2400,111300,3800,4200,23,42,156,139,1,250,116,236,571,1,96,116,534,63,30,289,908,1,50,36,90,244,300,36,214,1,40,218,31,574,29,190,226,0,36,0,949
6817320059,L,0:49:33,129,136,93,5,15,Core,Support,Core,Support,Core,Bottom,Top,Top,Bottom,Middle,20,30,40,81100,1900,2600,72900,5500,3100,23,45,596,1,96,50,116,40,585,244,116,36,214,8,17,364,63,98,116,174,143,108,638,36,102,254,43,214,40,675,112,110,154,63,1,116,335
6810984589,W,0:43:24,15,136,61,52,79,Core,Support,Core,Core,Support,Top,Top,Bottom,Middle,Bottom,27,13,61,101300,2400,3100,103200,9900,20300,20,39,156,117,116,210,112,154,837,181,116,36,50,0,143,638,96,90,908,180,116,30,834,119,96,121,48,1,116,300,36,218,254,0,29,256,336
6806101302,W,0:56:52,28,74,64,89,136,Core,Core,Support,Core,Support,Bottom,Middle,Roaming,Top,Bottom,26,35,65,156000,3000,3100,178800,6800,24500,24,28,1,116,112,172,63,135,573,96,600,220,116,110,235,300,102,214,256,36,108,30,336,139,114,208,147,250,160,311,50,116,0,908,267,33,364
6806146943,W,0:34:43,51,80,52,128,96,Support,Core,Core,Support,Core,Top,Top,Middle,Bottom,Bottom,17,5,31,75600,2400,2800,53800,528,32900,16,28,11,214,36,102,218,37,212,16,29,0,16,0,16,381,1,116,41,48,121,273,306,180,908,36,102,30,30,675,29,1,229,102,36,125,289
6829521976,W,1:07:06,9,89,76,61,19,Support,Core,Core,Core,Support,Top,Top,Middle,Bottom,Roaming,47,35,139,188600,3300,3300,237900,9500,27500,31,47,931,102,226,92,30,256,372,250,114,147,225,117,139,291,1,96,247,48,235,0,366,96,908,235,0,29,256,301,50,600,235,256,40,102,678
6809888330,L,0:43:52,84,11,61,106,86,Support,Core,Core,Core,Support,Top,Top,Bottom,Middle,Bottom,17,40,30,76000,2000,2500,110900,4300,9000,20,39,218,214,34,190,0,0,331,172,263,116,63,141,135,376,178,908,63,90,108,596,949,50,116,569,119,108,41,289,1,214,226,232,36,218,676
6809417403,W,0:34:21,85,35,33,114,19,Support,Core,Core,Core,Support,Top,Middle,Bottom,Top,Bottom,26,3,61,74500,2400,2900,70000,8600,29400,17,32,229,216,43,214,34,185,834,63,116,263,172,156,141,288,235,244,1,908,116,29,290,30,63,116,36,168,252,573,214,1,100,43,0,36,574
6829692346,L,0:44:52,5,109,137,92,51,Support,Core,Core,Core,Support,Top,Top,Middle,Bottom,Roaming,25,40,56,80600,2300,3000,97800,3800,6600,19,31,29,102,244,0,232,42,676,263,160,116,63,225,141,837,50,1,119,36,108,116,571,908,214,185,112,0,0,311,108,190,162,214,218,102,573
6818469926,W,0:51:59,92,58,41,128,17,Core,Support,Core,Support,Core,Bottom,Top,Top,Middle,Middle,35,25,83,116700,2600,3300,136300,8800,27600,24,44,931,908,96,30,108,112,335,102,226,216,269,216,63,288,603,147,116,110,158,160,825,102,187,37,214,1,36,949,40,63,98,110,273,116,300
6808212619,L,0:39:30,75,95,33,106,7,Support,Core,Core,Core,support,Roaming,Bottom,Top,Middle,Top,15,33,40,62000,1900,2200,82600,2500,5700,19,36,218,180,0,254,40,0,680,50,145,116,143,40,154,381,244,908,1,36,123,29,990,50,123,21,166,108,36,361,1,180,216,9,34,43,676
6808212619,W,0:39:30,11,17,38,136,20,Core,Core,Core,support,support,Top,Middle,Bottom,Top,Roaming,32,15,64,93600,2500,3300,93700,12400,35100,19,35,263,156,116,249,117,139,381,610,534,273,116,30,63,361,29,635,36,100,226,232,358,1,0,116,36,40,50,828,226,36,40,29,0,0,574
6819203954,L,0:50:59,136,33,106,85,14,Support,Core,Core,Support,Core,Bottom,Top,Middle,Bottom,Bottom,48,41,131,102900,2600,3600,180000,21300,20600,24,43,116,36,1,143,244,50,364,29,908,1,116,235,256,675,256,116,1,166,273,141,335,102,931,218,37,0,269,336,1,119,116,110,123,108,300
6819203954,W,0:50:59,5,52,120,100,54,Support,Core,Core,Support,Core,Roaming,Bottom,Middle,Roaming,Top,39,48,107,95300,2600,3400,182800,3100,21200,25,42,102,931,30,0,36,43,675,1,121,96,273,220,116,300,48,116,235,1,174,208,311,50,43,116,1,36,593,364,50,116,168,151,143,112,381
6806047119,L,0:57:19,70,39,86,96,66,Core,Core,Support,Core,Support,Bottom,Middle,Bottom,Top,Top,24,35,64,109400,2200,2800,154100,26300,17400,27,51,1,174,116,208,247,156,571,96,534,112,116,250,48,837,1,214,0,102,232,110,825,50,102,119,210,1,37,364,102,79,908,0,36,931,949
6806047119,W,0:57:19,33,97,11,100,93,Support,Core,Core,Support,Core,Bottom,Bottom,Middle,Roaming,Top,35,24,97,121300,2500,3100,182400,9900,24400,26,48,1,180,908,123,244,116,290,1,232,116,226,102,63,585,139,116,156,604,263,249,376,29,100,102,1,30,256,571,174,116,108,143,117,110,837
6806547123,W,0:30:28,5,81,76,92,19,Support,Core,Core,Core,Support,Bottom,Bottom,Middle,Top,Top,25,8,63,67100,2400,2900,65100,6400,16100,15,28,0,102,36,185,214,30,834,151,1,116,63,117,252,1076,1,232,65,108,256,48,289,11,908,214,112,244,77,680,29,1,34,244,232,102,212
6806547123,L,0:30:28,123,136,78,37,10,Support,Core,Core,Support,Core,Bottom,Middle,Bottom,Top,Top,8,25,15,43900,1700,1800,49900,4300,1900,14,27,36,0,237,29,232,39,675,8,50,36,41,116,240,288,908,108,36,214,11,0,306,34,244,218,593,188,29,349,36,63,147,123,596,24,212
6809576271,L,0:48:12,120,65,58,46,75,Core,Core,Support,Core,Support,Top,Middle,Bottom,Bottom,Top,43,24,97,94100,2300,3400,143000,1700,6800,23,32,1,116,112,143,63,174,376,259,1,534,48,116,235,837,263,81,63,36,0,0,825,603,168,249,135,116,263,573,214,0,36,263,110,218,336
6809576271,W,0:48:12,30,33,11,51,14,Support,Core,Core,Support,Core,Top,Bottom,Middle,Roaming,Top,24,43,57,96100,2400,3100,115800,8100,22300,22,38,1,29,30,0,36,244,300,1,29,226,232,908,123,676,48,116,156,139,263,249,361,214,102,0,1,40,36,837,48,119,108,1,131,116,335
6806442183,L,0:48:25,112,48,9,92,7,Support,Core,Core,Core,Support,Roaming,Bottom,Middle,Top,Top,16,37,42,80100,2000,2700,126800,10700,12900,22,42,102,1,244,180,75,43,675,116,139,60,63,263,26,837,1,96,176,596,108,63,300,931,908,112,244,0,108,949,75,1,162,214,232,102,676
6806442183,W,0:48:25,123,11,136,37,14,Support,Core,Core,Support,Core,Roaming,Middle,Bottom,Top,Top,37,16,86,104200,2600,3300,120400,30800,35400,23,42,1,36,30,48,235,256,361,604,110,135,263,116,141,311,116,1,143,50,596,40,638,34,214,0,102,0,908,336,112,30,50,178,242,1,825
6817021418,W,0:51:32,33,71,106,5,54,Core,Support,Core,Support,Core,Top,Top,Middle,Bottom,Bottom,43,30,113,110900,2600,3500,169000,15700,35300,27,49,1,116,908,232,29,110,676,50,277,185,116,31,108,335,220,116,110,273,108,96,311,102,29,185,254,90,43,336,117,116,168,133,208,112,638
6817021418,L,0:51:32,61,19,13,64,14,Core,Support,Core,Support,Core,Bottom,Roaming,Middle,Top,Top,29,43,70,97500,2400,3200,133300,8000,8900,26,46,143,90,63,38,226,908,638,0,102,1,50,100,0,585,600,235,256,48,534,273,362,100,102,79,218,180,36,300,119,116,1,108,29,273,834
6831727836,W,0:38:29,58,7,6,38,74,Support,Support,Core,Core,Core,Top,Bottom,Bottom,Top, Middle,31,23,81,913000,2600,3300,120000,3300,28500,17,33,185,63,263,188,36,112,288,0,0,1,36,214,102,676,249,263,147,116,63,117,381,635,102,1,244,0,29,834,96,1,63,263,65,116,573
6831727836,L,0:38:29,85,78,25,100,54,Support,Core,Core,Support,Core,Top,Bottom,Middle,Roaming,Top,23,32,56,63600,2000,2500,79700,17600,9400,19,34,269,29,218,254,244,0,331,1,214,908,256,40,73,676,48,116,57,596,263,249,376,214,40,244,1,36,37,675,50,168,112,151,225,11,573
6818958825,W,0:57:30,86,33,129,5,4,Support,Core,Core,Support,Core,Top,Bottom,Middle,Bottom,Top,49,37,132,116000,2600,3500,202600,8500,23100,26,48,102,123,1,244,29,256,300,29,110,1,116,235,256,311,116,50,600,96,110,256,676,36,43,931,102,30,31,585,603,256,116,158,143,160,825
6818958825,L,0:57:30,31,120,52,19,54,Support,Core,Core,Support,Core,Bottom,Top,Middle,Top,Bottom,36,49,87,131800,2700,3500,166900,3400,25700,28,44,102,29,232,185,218,226,300,1,220,256,143,100,235,825,220,116,610,600,121,96,571,931,116,0,1,40,108,335,50,116,168,151,208,156,837
6815257918,W,0:42:52,52,31,128,109,78,Core,Support,Support,Core,Core,Middle,Bottom,Top,Bottom,Top,20,15,57,101100,2500,3000,87200,10200,27500,20,40,48,96,121,33,1,116,300,36,218,254,256,0,29,675,40,79,36,48,102,0,680,117,147,139,263,141,160,362,178,30,908,112,256,214,585
6815257918,L,0:42:52,5,38,11,136,70,Support,Core,Core,Support,Core,Bottom,Bottom,Middle,Roaming,Top,15,21,34,79500,2300,2900,78700,4800,7500,21,38,102,214,0,254,218,36,300,1,635,29,61,116,232,381,63,116,0,604,108,36,311,50,102,36,40,31,244,364,50,116,135,1,156,145,335
6810903010,L,0:43:50,136,28,7,35,52,Support,Core,Core,Core,Core,Middle,Top,Roaming,Middle,Bottom,21,39,43,68000,1900,2300,105700,5100,2000,21,42,218,86,34,50,40,88,949,63,172,1,75,112,116,309,1,40,0,29,34,232,289,168,75,263,63,55,141,376,29,100,9,127,121,1,834
6810903010,W,0:43:50,54,25,96,137,31,Core,Core,Core,Support,Support,Top,Middle,Bottom,Roaming,Top,39,21,96,112000,2800,3800,112100,14800,30400,20,36,50,151,600,143,160,168,335,249,96,48,156,116,112,309,1,30,29,226,114,908,676,1,0,116,9,108,214,571,229,36,218,77,231,102,675
6809456477,L,0:44:19,87,11,110,14,19,Support,Core,Core,Core,Support,Bottom,Middle,Top,Bottom,Roaming,17,23,37,77500,2000,2500,78600,2900,9200,21,36,214,30,40,108,36,218,290,63,156,249,263,123,116,288,96,908,267,214,73,36,289,116,1,50,119,125,108,311,1,50,42,36,37,102,676
6809456477,W,0:44:19,103,74,92,10,137,Support,Core,Core,Core,Support,Top,Middle,Bottom,Top,Roaming,23,17,54,93500,2400,3300,85900,5600,26500,20,35,185,116,38,214,9,36,638,235,116,65,267,9,48,336,108,116,908,30,112,29,585,108,139,116,147,33,160,376,214,36,116,0,244,40,825
6818633775,L,0:33:59,96,31,52,93,79,Core,Support,Core,Core,Core,Top,Bottom,Middle,Bottom,Roaming,11,32,31,58500,1900,2300,71800,0,1600,16,26,1,210,40,9,125,214,680,254,593,218,36,29,40,306,36,1,31,116,121,29,834,63,108,143,36,65,252,309,29,1,232,36,108,218,676
6818633775,W,0:33:59,85,120,25,136,6,Support,Core,Core,Support,Core,Top,Bottom,Middle,Bottom,Top,32,11,80,71700,2500,3200,98600,17600,28100,17,31,102,29,188,269,131,0,290,1,180,908,34,73,30,358,48,116,41,596,263,249,376,50,143,244,116,36,0,381,263,116,36,63,75,147,288
6808247109,L,0:24:32,33,51,10,98,120,Support,Support,Core,Core,Core,Bottom,Top,Middle,Top,Bottom,8,27,16,34800,1600,1900,44600,0,242,12,20,0,180,218,216,36,1,356,214,188,218,36,21,23,840,36,147,41,22,63,21,358,273,9,178,36,73,180,947,244,11,1,569,180,36,990
6808247109,W,0:24:32,5,89,100,38,85,Support,Core,Core,Core,Support,Top,Top,Middle,Bottom,Bottom,27,8,52,57100,2600,2800,65900,3600,19800,14,25,244,102,36,214,232,218,990,98,244,147,63,36,114,356,50,1,36,168,596,21,680,635,185,29,235,0,0,349,214,102,269,0,218,88,947
6810818538,L,0:37:48,14,51,59,43,31,Core,Support,Core,Core,Support,Bottom,Top,Middle,Top,Bottom,12,35,24,57000,1900,2100,53400,0,2000,18,31,9,116,131,29,108,125,357,214,36,267,0,0,593,680,151,263,116,29,73,9,309,63,1,273,36,596,116,289,29,36,0,102,218,39,290
6810818538,W,0:37:48,5,54,137,61,123,Support,Core,Core,Core,Support,Top,Bottom,Middle,Top,Bottom,35,12,70,84300,2500,3200,88600,8500,18000,19,36,29,102,232,185,244,43,675,151,36,116,50,112,168,309,50,36,119,30,108,116,289,908,210,96,226,90,29,680,180,166,36,232,43,102,573
6811058155,W,0:36:47,114,87,74,54,58,Core,Support,Core,Core,Support,Top,Jungle,Middle,Bottom,Bottom,31,20,56,85700,2500,3600,92100,4300,22100,17,32,75,116,1466,63,0,36,574,180,1,34,40,244,108,990,1,96,116,48,36,65,676,151,50,168,112,600,116,573,63,36,40,263,0,31,288
6811058155,L,0:36:47,5,106,135,85,6,Support,Core,Core,Support,Core,Bottom,Middle,Bottom,Top,Top,20,31,35,64300,2100,2700,83600,2900,4800,17,31,1,36,232,214,59,42,676,108,50,36,166,116,569,289,116,1,168,50,178,40,949,34,0,218,81,29,188,834,75,63,263,249,75,116,376
6816943535,L,0:43:03,128,33,25,100,14,Support,Core,Core,Support,Core,Bottom,Top,Middle,Jungle,Bottom,20,37,48,71900,2000,2600,90100,955,3300,21,38,102,180,34,218,244,0,675,1,29,232,116,908,16,289,48,116,108,1,176,232,300,214,36,37,1,244,593,335,50,116,131,1,108,119,311
6816943535,W,0:43:03,85,19,52,51,35,Core,Support,Core,Support,Core,Bottom,Bottom,Middle,Top,Top,37,21,79,102500,2600,3300,100600,6400,20300,21,40,596,90,50,36,908,226,571,244,102,1,50,43,21,949,1,96,121,48,30,116,331,214,102,36,218,244,21,840,158,123,116,141,63,263,362
6806097565,L,0:54:02,75,120,51,35,38,Support,Core,Support,Core,Core,Bottom,Top,Middle,Middle,Bottom,31,35,92,102500,2400,3200,178100,6500,15900,25,42,263,96,190,63,188,218,361,225,208,1,102,908,180,837,40,218,108,214,116,75,311,135,160,263,141,116,158,571,50,127,185,108,116,110,825
6806097565,W,0:54:02,85,10,78,137,5,Support,Core,Core,Core,Support,Middle,Top,Bottom,Middle,Bottom,35,32,86,132700,2800,3300,137800,27200,33700,27,51,102,231,30,37,30,34,574,147,156,116,220,160,141,837,256,908,1,112,65,214,362,50,116,273,119,108,256,364,168,931,102,232,36,218,336
6806481932,L,0:19:30,77,33,93,71,11,Core,Support,Core,Support,Core,Top,Top,Bottom,Roaming,Middle,5,34,11,26100,1400,1600,24300,184,1300,10,15,11,164,908,38,0,0,349,0,0,244,214,0,28,838,174,65,63,28,36,0,945,50,17,36,181,40,244,355,41,63,21,8,0,16,1077
6806481932,W,0:19:30,75,107,28,52,35,Support,Support,Core,Core,Core,Top,Bottom,Top,Bottom,Middle,34,6,53,41300,2300,2800,53300,195,6600,9,18,77,63,37,39,77,43,349,214,0,100,34,38,43,589,244,1,172,36,63,73,306,265,121,77,29,100,77,840,75,117,63,263,172,152,355
6829184970,L,0:44:56,35,71,108,52,5,Core,Support,Core,Core,Support,Bottom,Middle,Top,Middle,Bottom,27,29,66,82600,2300,3100,99100,3300,11000,21,40,249,26,116,263,63,139,837,108,185,36,50,152,244,573,112,0,908,242,116,29,949,48,123,121,9,1,116,300,36,185,254,218,214,232,336
6829184970,W,0:44:56,31,61,25,136,4,Support,Core,Core,Support,Core,Top,Bottom,Middle,Bottom,Top,29,27,66,91300,2400,3200,108200,6000,21600,22,43,102,48,244,218,36,0,290,90,180,178,908,75,108,311,48,116,156,123,263,141,376,50,116,36,1,40,244,825,50,116,158,1,143,0,381
6815355000,W,0:41:02,52,88,78,66,89,Core,Support,Core,Support,Core,Middle,Middle,Top,Bottom,Bottom,22,20,45,100300,2500,2800,88800,6100,33900,20,38,121,226,36,33,273,48,834,180,60,21,244,102,36,585,214,908,267,36,108,0,574,931,102,187,188,218,86,946,208,147,98,174,160,114,573
6815355000,L,0:41:02,54,106,5,38,9,Core,Core,Support,Core,Support,Top,Middle,Bottom,Bottom,Middle,20,22,49,72300,2100,2500,110100,6900,5600,18,34,50,158,151,208,116,210,376,116,50,77,166,108,216,361,36,214,21,40,218,102,834,635,1,57,116,244,29,949,102,267,40,36,180,42,289
6811064974,W,0:33:10,85,87,23,78,99,Support,Support,Core,Core,Core,Top,Bottom,Middle,Top,Bottom,28,4,79,73000,2400,2700,81200,13400,25100,16,30,244,30,231,43,40,36,834,265,254,188,180,36,0,306,50,112,210,73,36,116,355,210,92,908,29,108,36,838,117,108,50,156,9,125,574
6811064974,L,0:33:10,136,43,61,46,123,Support,Core,Core,Core,Support,Top,Middle,Bottom,Top,Bottom,3,29,9,51500,1700,1900,52000,1300,6600,15,27,29,116,43,0,34,244,949,29,36,116,100,9,77,573,596,36,63,116,908,0,212,149,63,116,236,168,88,381,180,36,229,0,0,188,990
6808416013,W,0:41:07,114,87,120,109,85,Core,Support,Core,Core,Support,Top,Roaming,Middle,Bottom,Bottom,46,17,117,89000,2500,3200,104900,5700,25000,20,38,123,33,116,50,569,252,638,29,1,36,102,108,40,990,1,226,174,48,123,143,361,147,156,160,63,117,116,362,29,79,40,0,254,226,834
6808416013,L,0:41:07,75,74,11,104,88,Support,Core,Core,Core,Support,Bottom,Middle,Top,Bottom,Top,17,46,41,68400,2100,2500,87800,2100,2400,19,36,180,102,34,11,0,218,834,1,110,96,48,0,116,311,141,263,116,139,63,36,362,36,127,50,11,1,21,376,214,102,1,11,0,36,300
6810903428,W,0:41:07,58,41,78,120,75,Support,Core,Core,Core,Support,Bottom,Bottom,Top,Middle,Top,28,15,78,103000,2500,3200,97000,8100,25200,19,35,102,63,36,116,236,43,361,249,63,116,158,123,65,638,116,908,1,112,65,50,574,180,1,174,143,569,108,828,931,30,102,232,36,43,336
6810903428,L,0:41:07,5,52,69,54,51,Support,Core,Core,Core,Support,Roaming,Middle,Bottom,Top,Top,14,28,28,77600,2300,2700,65500,2700,6200,18,35,1,0,218,102,36,214,675,116,273,121,48,31,9,376,235,29,1,65,108,116,364,151,147,36,50,168,143,335,214,36,908,244,31,0,834
6809858739,L,0:35:57,98,13,58,70,79,Core,Core,Support,Core,Support,Top,Middle,Bottom,Bottom,Jungle,13,38,22,67800,2100,2600,71800,3400,864,17,27,1,108,180,273,116,178,680,256,1,176,63,534,232,289,43,29,40,36,79,20,212,1,143,145,50,116,36,381,29,108,244,36,218,0,675
6809858739,W,0:35:57,5,92,137,52,41,Support,Core,Support,Core,Core,Top,Bottom,Bottom,Middle,Top,37,13,82,77500,2500,3400,90200,3700,21800,18,30,254,43,190,102,36,214,357,29,185,96,30,908,108,212,1,593,36,31,116,214,381,121,273,116,48,1,119,376,63,210,36,160,166,65,306
6809783372,L,0:34:08,123,137,61,79,48,Support,Core,Core,Support,Core,Roaming,Middle,Top,Bottom,Bottom,13,37,25,56200,1900,2000,54400,110,6900,16,31,36,232,254,29,240,218,676,41,50,36,244,116,259,574,98,116,598,63,178,596,289,34,214,43,188,1,216,290,36,63,147,160,236,116,573
6809783372,W,0:34:08,106,51,5,41,52,Core,Support,Support,Core,Core,Bottom,Bottom,Top,Top,Middle,37,13,68,82400,2600,3500,96100,696,17300,17,27,50,1,267,569,273,60,289,11,244,36,180,108,0,834,1,102,34,218,214,244,949,116,158,63,65,156,123,381,36,48,600,273,116,121,589
6810825713,W,0:40:06,88,128,19,87,14,Support,Core,Core,Support,Core,Top,Top,Middle,Bottom,Bottom,40,22,96,92800,2500,3500,113300,3900,18500,19,34,36,256,102,30,0,214,680,63,908,102,596,73,108,289,141,252,1,116,50,112,362,36,108,102,218,39,214,290,1,176,116,119,110,108,376
6810825713,L,0:40:06,9,120,28,51,11,Support,Core,Core,Support,Core,Bottom,Middle,Bottom,Top,Top,20,42,48,62800,1900,2500,97900,2200,1500,18,33,36,267,908,29,598,40,289,174,63,143,569,116,108,828,116,1,172,63,40,73,574,36,63,31,102,42,188,676,36,63,263,141,88,116,573
6809481249,W,0:46:13,136,135,73,5,72,Support,Core,Core,Support,Core,Bottom,Top,Middle,Top,Bottom,30,30,72,101900,2600,3000,134000,21000,20400,21,38,36,0,102,75,75,214,825,50,0,908,108,0,36,311,112,600,50,119,116,137,381,43,254,0,102,214,36,336,156,133,116,158,33,139,638
6810825713,L,0:46:13,128,81,74,38,85,Support,Core,Core,Core,Support,Jungle,Top,Middle,Bottom,Bottom,30,30,86,97700,2500,3200,139800,10000,7900,22,41,254,102,0,931,232,218,336,151,1,116,63,250,112,290,1,96,110,65,48,116,300,210,635,29,102,235,0,311,180,102,269,75,244,210,949
6809719707,W,0:36:57,78,48,88,51,13,Core,Core,Support,Support,Core,Top,Bottom,Roaming,Bottom,Middle,18,10,43,83400,2400,2600,85800,4300,28700,18,34,214,92,908,108,137,73,834,263,147,117,116,139,160,376,29,34,256,244,102,232,949,218,102,100,36,214,188,290,256,63,600,36,273,534,357
6809719707,L,0:36:57,128,52,33,57,93,Support,Core,Core,Support,Core,Bottom,Middle,Bottom,Top,Top,10,18,20,60400,1900,2200,55700,6800,5400,17,32,36,108,40,214,0,0,290,244,36,48,121,116,273,289,116,1,908,180,244,40,990,34,29,218,0,244,256,947,36,598,108,174,63,485,381
6806534528,W,0:52:17,70,52,15,128,100,Core,Core,Core,Support,Support,Bottom,Middle,Top,Bottom,Top,37,26,90,124200,2700,3500,142100,4900,21000,23,42,235,225,1,208,116,145,309,116,96,100,110,121,33,676,119,1,63,116,210,110,571,36,29,0,226,244,102,585,1,908,102,116,30,29,362
6806534528,L,0:52:17,98,51,126,109,119,Core,Support,Core,Core,Support,Bottom,Top,Middle,Top,Bottom,26,38,67,98500,2300,2900,131100,296,6900,24,35,176,102,180,210,96,100,335,102,214,61,36,0,0,364,176,123,100,29,235,60,300,135,160,116,156,141,263,571,214,1,0,102,36,31,675
6809419010,W,0:32:18,47,34,66,61,7,Core,Core,Support,Core,Support,Top,Middle,Jungle,Bottom,Top,21,11,38,70400,2300,2800,2300,76000,20400,15,28,63,236,75,75,116,160,834,119,1,178,176,116,41,357,0,29,40,88,79,216,680,63,143,117,147,98,160,828,180,1,40,28,0,0,840
6809419010,L,0:32:18,50,11,38,9,81,Support,Core,Core,Support,Core,Top,Middle,Bottom,Bottom,Top,11,21,27,55000,1800,2100,39900,19000,6100,15,24,231,218,244,593,0,0,212,41,36,63,116,147,236,1077,50,187,185,11,908,36,834,75,29,27,100,34,9,680,116,63,252,1,152,151,381
6813815540,W,0:23:11,80,120,33,100,50,Core,Core,Core,Support,Support,Bottom,Middle,Top,Jungle,Bottom,3,23,5,30600,1400,1600,29500,4300,1800,12,22,0,16,0,16,16,16,212,180,174,11,36,41,240,589,44,908,79,29,16,16,840,40,188,43,36,593,214,331,40,36,244,593,42,180,577
6813815540,L,0:23:11,5,88,135,52,75,Core,Support,Core,Core,Core,Jungle,Bottom,Top,Middle,Bottom,23,3,52,47600,2300,2900,55800,1500,4900,11,20,0,180,102,0,36,42,838,214,188,1,36,0,244,840,73,116,178,168,50,36,1077,273,117,48,121,77,36,331,63,244,77,102,534,596,946
6806663153,W,0:36:18,102,52,137,10,128,Support,Core,Core,Core,Support,Bottom,Middle,Top,Bottom,Top,16,18,29,57000,1800,2300,56400,5000,1700,18,26,36,0,218,102,214,0,680,116,259,121,1,244,48,574,36,50,1,116,244,9,357,596,63,116,147,26,160,381,180,36,216,81,593,40,949
6806663153,L,0:36:18,6,106,96,88,66,Core,Core,Core,Support,Support,Top,Middle,Bottom,Top,Bottom,18,16,46,84300,2500,3100,86700,5500,23500,18,25,263,123,63,116,160,596,381,50,273,166,36,123,108,331,1,119,116,125,692,48,949,1,180,102,36,0,244,990,908,79,188,43,90,0,676
6809895411,W,0:35:05,66,100,54,25,33,Support,Support,Core,Core,Core,Jungle,Top,Bottom,Middle,Top,22,4,51,79100,2500,3000,76200,13300,18100,15,30,90,79,29,44,43,0,680,50,43,1,36,40,244,356,36,151,116,168,50,73,381,176,1,108,232,256,48,289,30,116,1,908,29,232,675
6809895411,L,0:35:05,64,113,52,89,88,Support,Core,Core,Core,Support,Roaming,Middle,Top,Bottom,Top,4,22,10,57400,2000,2100,53800,2600,1900,18,32,180,79,36,218,244,593,680,1,65,1466,48,108,0,289,9,116,1,36,29,121,949,75,90,63,16,21,908,212,214,102,1,36,218,0,290
6806047605,W,0:45:26,66,11,38,74,100,Support,Core,Core,Core,Support,Top,Bottom,Top,Middle,Bottom,22,32,67,103100,2300,3100,99700,19500,29400,21,41,79,180,34,90,0,86,336,156,263,63,116,141,33,381,931,635,1,116,30,30,311,63,1,116,534,108,36,300,1,108,29,40,36,43,585
6806047605,L,0:45:26,75,120,137,22,63,Support,Core,Support,Core,Core,Top,Bottom,Bottom,Middle,Top,32,22,72,82700,2200,2800,135400,0,6400,22,36,263,218,36,190,0,180,288,29,174,1,210,226,143,364,40,37,43,36,116,214,825,108,235,176,48,1,41,311,0,116,149,158,123,160,837
6806227577,W,0:38:56,136,19,43,66,10,Support,Core,Core,Support,Core,Jungle,Middle,Top,Bottom,Bottom,28,12,66,84500,2500,3300,103400,10400,33900,19,35,36,181,116,50,188,30,574,1,50,108,100,141,0,949,116,1,210,48,96,40,376,30,29,79,108,0,908,212,596,63,147,249,160,116,309
6806227577,L,0:38:56,25,13,29,137,58,Core,Core,Core,Support,Support,Top,Middle,Bottom,Top,Bottom,12,29,31,71000,2100,2700,74200,2100,1900,17,31,48,51,249,160,596,116,381,63,1,534,0,273,256,289,178,210,131,1,908,50,949,36,1,116,50,265,244,331,188,29,254,43,36,244,212
6810942576,W,0:32:05,15,120,31,54,19,Core,Core,Support,Core,Support,Top,Middle,Bottom,Bottom,Top,34,19,75,68700,2300,3100,97100,0,8900,16,23,63,210,75,123,116,596,834,180,1,36,174,166,143,828,244,28,42,36,214,0,589,50,143,210,30,151,225,381,214,1,21,61,59,30,676
6810942576,L,0:32:05,63,11,137,26,57,Core,Core,Core,Support,Support,Top,Middle,Bottom,Bottom,Top,17,35,32,49700,1800,2100,47400,3800,1800,16,29,36,116,75,0,236,158,381,263,36,135,116,41,63,331,50,116,36,244,178,162,680,1,214,188,0,36,593,306,102,180,36,43,0,0,290
6808012161,W,0:39:06,136,29,65,5,23,Support,Core,Core,Support,Core,Bottom,Top,Middle,Top,Bottom,27,29,54,70300,2200,2800,81000,3200,4100,17,23,36,0,116,143,244,214,574,50,908,210,131,73,36,949,36,116,1,235,48,110,289,254,36,218,214,188,593,212,151,210,116,112,50,114,381
6808012161,L,0:39:06,64,95,120,19,33,Support,Core,Core,Support,Core,Roaming,Top,Middle,Bottom,Bottom,28,27,80,91700,2500,3500,121000,3900,24500,18,34,226,48,30,218,244,39,680,208,50,116,135,108,145,381,1,123,143,180,174,116,828,1,214,100,0,102,0,676,29,908,1,116,30,108,949
6806112746,W,0:20:45,70,11,61,19,128,Core,Core,Core,Support,Support,Bottom,Middle,Top,Bottom,Roaming,26,6,40,41800,2300,2400,51200,3600,17100,11,19,1,174,36,116,50,75,349,41,236,117,116,36,63,828,180,908,36,75,79,75,356,1,593,0,214,0,36,947,36,180,79,188,0,0,945
6806112746,L,0:20:45,87,92,39,51,104,Support,Core,Core,Support,Core,Bottom,Bottom,Middle,Bottom,Top,5,26,11,25800,1400,1600,42700,545,415,10,19,218,29,244,593,265,23,349,34,214,81,16,0,244,589,63,21,534,36,0,41,840,29,244,265,593,36,43,945,50,73,4,151,1,11,838
6806047539,W,0:32:16,6,137,38,85,9,Core,Core,Core,Support,Support,Bottom,Middle,Top,Bottom,Jungle,21,6,64,71800,2300,2900,57100,4900,18200,15,28,249,63,244,263,116,75,381,1,50,41,119,116,36,289,635,1,96,116,244,29,675,36,180,31,218,188,79,290,42,267,226,30,29,16,361
6806047539,L,0:32:16,3,52,97,8,136,Support,Core,Core,Core,Core,Bottom,Roaming,Bottom,Top,Middle,6,21,10,53600,1800,2100,32200,4100,3300,16,29,16,229,218,188,39,29,356,100,36,121,1,29,108,574,63,596,1,102,244,36,990,65,147,40,50,34,160,949,50,36,116,0,39,40,309
6811000638,W,0:40:49,114,87,35,46,85,Core,Support,Core,Core,Support,Top,Middle,Middle,Bottom,Bottom,34,11,97,91200,2500,3300,83600,3500,24600,20,35,30,225,116,50,569,33,638,214,1,36,40,108,77,675,263,116,156,154,117,135,361,63,603,168,236,141,116,837,180,36,0,908,218,593,676
6811000638,L,0:40:49,88,11,55,5,52,Support,Core,Core,Support,Core,Roaming,Middle,Bottom,Top,Top,11,34,24,63900,2000,2400,63800,425,1200,20,36,1,36,40,214,86,37,676,1,63,249,263,116,244,381,242,1,210,180,178,36,574,36,214,37,218,593,0,306,37,48,9,121,108,1,311
6809462072,W,0:39:58,58,41,137,120,128,Support,Core,Core,Core,Support,Bottom,Bottom,Top,Middle,Top,25,33,43,68200,2000,2600,86800,699,3400,19,36,263,63,36,116,0,0,288,172,63,0,116,160,166,309,178,131,1,116,36,50,949,180,1,174,569,143,108,828,108,180,102,0,36,0,290
6809462072,L,0:39:58,30,96,52,51,35,Support,Core,Core,Support,Core,Top,Bottom,Top,Bottom,Middle,33,25,72,89800,2500,3400,118500,1300,26800,20,33,1,180,0,102,108,244,336,1,242,29,90,226,75,289,48,116,119,1,114,121,585,214,81,218,1,31,244,300,263,116,141,63,1,135,364
6806638898,W,0:51:38,75,100,52,29,14,Support,Support,Core,Core,Core,Roaming,Roaming,Middle,Top,Bottom,18,28,37,84600,2100,2500,98800,2600,15900,23,43,36,102,43,214,215,0,290,1,79,180,218,908,36,949,96,121,1,48,273,116,585,1,610,36,0,131,50,362,116,1,50,108,119,110,311
6806638898,L,0:51:38,93,106,33,19,87,Core,Core,Core,Support,Support,Top,Middle,Bottom,Roaming,Top,28,19,80,111200,2500,3200,127400,5800,22400,24,47,250,116,123,249,63,108,311,158,108,0,116,273,48,676,180,116,110,908,1,267,289,1,214,90,102,40,114,381,1,36,43,108,188,29,675
6809417173,W,0:49:54,31,40,52,19,54,Support,Core,Core,Support,Core,Top,Bottom,Middle,Bottom,Top,26,36,53,85900,2000,2500,112,5100,14100,24,45,102,214,254,37,43,30,290,210,50,908,36,102,37,311,48,116,610,108,119,121,585,180,102,40,1,37,244,362,50,112,168,151,249,143,638
6809417173,L,0:49:54,58,70,108,11,87,Support,Core,Core,Core,Support,Bottom,Bottom,Top,Middle,Top,35,26,88,128700,2700,3700,124900,9000,14300,22,43,263,63,226,116,108,30,825,1,225,156,50,116,143,638,90,206,96,116,908,50,335,63,263,116,156,141,112,376,185,235,102,214,36,218,675
6810950150,W,0:56:39,87,136,23,33,99,Support,Support,Core,Core,Core,Jungle,Bottom,Middle,Top,Bottom,45,22,119,134200,2800,3300,140300,14500,25600,27,48,43,102,232,254,1,214,290,1,50,116,30,36,143,638,50,137,112,96,108,116,364,1,908,116,110,232,123,362,116,156,50,208,108,135,381
6810950150,L,0:56:39,89,137,47,5,86,Core,Core,Core,Support,Support,Top,Middle,Bottom,Bottom,Top,22,45,43,127400,2500,2800,114200,12,5100,25,45,156,208,147,250,116,139,362,1,33,116,119,50,108,300,96,1,63,116,236,112,571,36,214,1,116,218,254,676,1,610,0,36,232,29,289
6809420587,W,0:27:52,114,137,38,119,66,Core,Core,Core,Support,Support,Bottom,Middle,Top,Top,Bottom,31,9,67,58800,2400,2800,70800,9200,27800,12,22,160,36,63,116,168,569,212,50,30,273,36,116,9,589,635,34,185,116,13,29,577,1,0,40,36,214,244,990,88,36,90,180,79,0,680
6809420587,L,0:27:52,11,120,64,88,128,Core,Core,Core,Support,Support,Top,Middle,Bottom,Bottom,Top,9,32,20,40900,1600,2000,52900,235,793,14,26,172,116,36,149,63,236,828,36,143,569,174,41,180,331,29,102,36,16,232,88,990,1,0,11,36,214,43,306,102,36,29,38,188,43,355
6810014272,W,0:27:20,85,128,19,108,44,Support,Support,Core,Core,Core,Bottom,Roaming,Middle,Top,Bottom,12,23,27,39300,1700,1900,32300,1100,556,14,27,36,185,38,218,0,29,946,36,79,180,0,43,0,357,50,11,1,16,108,244,1076,206,11,908,63,73,36,306,116,145,36,569,63,0,212
6810014272,L,0:27:20,87,38,120,136,48,Support,Core,Core,Support,Core,Bottom,Top,Middle,Bottom,Bottom,23,14,61,57100,2300,2700,57100,3200,19500,15,24,43,180,244,254,88,188,589,11,34,635,29,116,9,212,180,36,569,1,174,143,828,50,116,593,36,17,40,358,236,116,36,63,172,135,1077
6810986033,W,0:44:22,136,40,22,5,41,Support,Core,Core,Support,Core,Top,Top,Middle,Top,Bottom,47,38,101,87300,2500,3500,190600,7500,5500,20,38,36,42,102,116,244,50,311,214,0,267,123,0,908,364,116,110,1,235,259,48,675,42,254,102,36,0,214,212,110,123,116,158,63,160,638
6810986033,L,0:44:22,69,128,85,11,107,Core,Core,Support,Core,Support,Bottom,Middle,Top,Top,Top,37,48,93,111000,2800,3500,126400,6100,35000,20,36,48,1,116,110,249,235,311,141,116,1,36,48,108,336,232,90,0,36,0,48,331,116,147,63,263,156,139,571,131,108,190,29,36,43,676
6810862193,W,0:34:56,120,25,135,88,20,Core,Core,Core,Support,Support,Bottom,Middle,Top,Bottom,Roaming,35,13,87,75300,2400,3100,84400,9400,14400,18,30,180,1,174,569,119,143,834,48,1,141,156,116,117,309,116,9,596,1,210,50,949,102,1,36,214,30,593,574,43,180,908,36,0,0,573
6810862193,L,0:34:56,85,11,6,33,19,Support,Core,Core,Core,Support,Top,Middle,Top,Bottom,Bottom,13,36,29,49800,1700,2000,57200,2900,1000,18,34,180,79,36,0,40,593,290,34,41,263,63,40,116,828,141,116,263,28,63,36,381,8,21,180,36,1,92,675,40,102,1,50,218,188,949
6811040499,W,0:53:06,26,135,22,85,72,Support,Core,Core,Support,Core,Top,Top,Middle,Bottom,Bottom,66,33,160,127400,2800,3600,220400,34000,3000,24,41,102,37,1,232,0,214,585,50,908,1,112,0,108,364,235,176,1,110,256,48,675,37,79,269,43,256,29,825,603,108,116,156,256,141,638
6811040499,L,0:53:06,33,11,84,6,136,Core,Core,Support,Core,Support,Bottom,Middle,Roaming,Top,Bottom,32,66,70,100200,2400,3200,175000,13600,11900,25,47,1,48,116,908,110,235,300,263,63,604,36,116,0,825,37,0,102,36,185,214,290,603,147,110,116,263,123,335,50,73,116,73,31,36,638
6806322784,W,0:42:49,58,128,129,97,109,Support,Support,Core,Core,Core,Bottom,Top,Middle,Top,Bottom,14,35,27,65800,1900,2100,70400,7700,2400,21,40,218,73,40,63,36,0,288,908,79,36,188,29,43,336,50,116,1,110,40,178,300,1,116,40,63,596,232,364,116,160,596,135,63,154,825
6806322784,L,0:42:49,87,13,98,88,11,Support,Core,Core,Support,Core,Top,Middle,Bottom,Middle,Top,35,14,86,102200,2600,3300,97300,195,28000,20,33,43,180,1,108,36,593,675,1,273,63,256,204,534,311,1,116,131,180,273,119,585,593,1,30,100,214,61,289,116,63,139,263,249,156,381
6810872192,W,0:33:30,13,75,42,100,137,Core,Support,Core,Support,Core,Top,Bottom,Bottom,Top,Middle,23,29,50,57800,2000,2400,78000,0,3600,15,22,1,267,534,36,273,77,309,102,43,57,36,29,0,288,151,50,116,112,36,168,361,31,36,185,29,102,0,675,50,36,1,116,273,244,589
6810872192,L,0:33:30,110,10,17,51,69,Support,Core,Core,Support,Core,Top,Top,Middle,Bottom,Bottom,29,24,49,79900,2700,3300,98500,1900,10700,17,28,226,214,36,218,188,0,834,156,63,108,160,147,596,309,534,0,96,63,116,77,676,214,108,4,36,30,188,212,65,1,116,48,235,108,949
6810103823,W,0:39:20,85,33,74,88,93,Support,Core,Core,Support,Core,Top,Bottom,Middle,Middle,Top,35,15,76,79600,2300,2900,105000,9300,22000,19,32,229,180,73,269,0,73,376,1,36,908,235,116,29,290,63,116,77,1,534,96,289,214,100,38,1,36,102,358,174,116,0,63,160,108,638
6810103823,L,0:39:20,75,19,25,29,54,Support,Support,Core,Core,Core,Jungle,Bottom,Middle,Bottom,Top,15,32,35,62400,1800,2200,75500,6800,795,19,34,214,102,88,43,36,0,290,1,214,102,40,34,218,676,236,141,1,48,596,116,288,1,102,36,178,908,50,834,168,151,50,143,55,569,1077
6806174698,W,0:28:51,123,135,22,5,14,Support,Core,Core,Support,Core,Jungle,Top,Middle,Bottom,Bottom,38,8,76,64300,2500,3100,84700,5200,9900,14,27,36,79,1,240,29,30,990,50,908,1,178,73,36,212,16,36,1,235,48,273,331,216,43,254,36,73,214,356,1,131,50,114,123,108,357
6806174698,L,0:28:51,66,69,11,7,106,Support,Core,Core,Support,Core,Bottom,Bottom,Top,Top,Middle,8,38,10,42600,1700,1700,53100,3500,807,13,24,81,79,39,216,36,42,356,65,116,244,50,73,75,358,88,172,116,22,63,36,1076,38,40,218,34,214,0,290,569,168,40,50,166,36,306
6807716914,W,0:25:16,119,19,129,51,11,Support,Core,Core,Support,Core,Top,Middle,Top,Roaming,Bottom,3,27,5,34700,1500,1600,25200,252,941,13,32,36,190,216,214,39,218,990,1,50,41,36,244,21,1077,908,0,16,50,40,75,355,36,244,218,86,0,29,290,36,63,170,75,236,116,306
6807716914,L,0:25:16,6,92,136,13,18,Core,Core,Support,Core,Support,Top,Bottom,Roaming,Middle,Top,27,3,48,52200,2200,2500,49300,3600,15600,12,21,152,63,116,263,75,117,212,9,31,908,77,36,29,288,216,116,36,50,0,181,331,41,534,273,63,1,36,306,34,0,218,593,0,29,290
6808093837,W,0:28:03,68,19,120,18,10,Support,Core,Core,Support,Core,Top,Middle,Top,Bottom,Bottom,7,31,14,38900,1600,1800,27500,195,879,13,22,218,30,36,180,0,27,290,1,36,63,41,11,252,589,29,1,226,88,86,34,828,29,0,185,38,0,0,680,147,63,36,596,75,108,288
6808093837,L,0:28:03,11,17,38,84,101,Core,Core,Core,Support,Support,Top,Middle,Bottom,Top,Bottom,31,8,48,62700,2400,2800,61800,1600,20200,14,25,172,63,149,236,116,247,828,116,36,55,178,63,273,589,635,1,24,116,29,244,212,36,180,188,244,43,102,357,1,59,29,593,593,77,349
6807714693,W,0:38:35,128,137,75,18,19,Core,Core,Support,Core,Support,Top,Middle,Bottom,Bottom,Top,35,12,78,91200,2600,3200,84200,533,27200,17,30,63,1,116,36,108,73,361,50,116,600,36,244,119,574,102,244,190,36,29,232,990,600,156,63,116,112,252,381,214,226,102,36,1,0,834
6807714693,L,0:38:35,111,109,106,33,7,Support,Core,Core,Core,Support,Top,Top,Middle,Bottom,Bottom,12,35,30,68400,2100,2100,94800,8200,3800,18,36,180,244,36,79,86,0,949,154,141,116,63,160,236,381,50,166,226,569,36,116,306,0,908,116,244,232,29,212,244,1,36,29,232,102,289
6807721747,W,0:38:51,30,109,74,88,38,Support,Core,Core,Support,Core,Top,Bottom,Middle,Bottom,Top,10,31,21,74300,2100,2200,62900,4700,8400,17,30,102,29,36,0,218,40,361,123,63,160,139,147,51,381,1,48,96,9,123,65,828,1,593,36,214,188,37,675,29,635,102,34,11,232,949
6807721747,L,0:38:51,69,46,92,19,85,Core,Core,Core,Support,Support,Top,Middle,Bottom,Bottom,Top,30,10,60,93100,2700,3100,71300,8700,25200,19,34,50,600,123,235,108,116,289,63,1,116,168,263,135,309,24,214,77,40,112,908,212,102,1,36,214,0,40,949,40,214,102,36,42,9,675
6808272936,W,0:39:10,88,33,19,85,14,Support,Core,Core,Support,Core,Bottom,Top,Middle,Roaming,Bottom,44,16,92,88500,2500,3200,93400,7700,22700,18,33,100,102,1,244,30,214,675,29,908,1,34,235,116,289,116,1,50,112,141,252,381,254,102,218,36,37,180,949,1,119,116,110,50,108,376
6808272936,L,0:39:10,70,126,92,86,51,Core,Core,Core,Support,Support,Top,Middle,Bottom,Top,Bottom,14,44,38,58400,1900,2300,77000,1500,1600,18,34,50,1,108,75,145,116,309,50,41,273,534,108,36,361,36,214,40,16,77,908,212,36,1,254,29,232,0,290,40,214,218,36,31,188,834
6809741589,W,0:47:56,128,61,11,100,43,Support,Core,Core,Support,Core,Top,Top,Middle,Bottom,Bottom,48,17,101,120400,2600,3300,158000,7500,26300,24,42,1,29,226,102,254,30,825,1,180,116,908,90,112,638,117,116,156,604,263,135,362,214,116,185,1,33,40,335,61,100,33,235,119,116,571
6809741589,L,0:47:56,15,97,85,113,7,Core,Core,Support,Core,Support,Bottom,Middle,Top,Top,Bottom,16,48,44,90700,2300,2500,112300,5900,558,23,39,63,116,9,210,65,75,309,41,1,249,116,110,63,638,36,29,218,244,37,79,585,603,235,263,141,1466,220,357,29,1,0,102,190,244,571
6809454703,L,0:17:51,75,137,71,39,53,Support,Core,Support,Core,Core,Top,Top,Bottom,Middle,Bottom,3,11,11,21000,1400,1600,27200,167,2000,9,16,36,29,0,218,188,265,840,50,73,34,28,244,21,947,244,0,29,4,36,0,680,259,77,36,63,38,41,589,63,166,36,0,16,77,838
6809454703,W,0:17:51,89,13,15,5,136,Core,Core,Core,Support,Support,Top,Middle,Bottom,Top,Bottom,10,4,14,29400,1900,1200,33300,1200,1200,10,16,57,63,147,11,244,75,331,36,23,77,244,63,534,589,116,11,63,75,75,36,349,36,214,0,0,218,188,840,50,42,11,181,34,0,355
6809621786,L,0:31:41,85,123,19,43,46,Support,Support,Core,Core,Core,Bottom,Roaming,Middle,Top,Bottom,11,28,38,50000,1800,2100,58100,4800,3400,16,30,218,254,244,0,29,36,945,102,43,36,180,37,0,290,50,36,1,41,108,38,331,100,116,9,63,16,36,573,116,1,141,236,63,168,381
6809621786,W,0:31:41,11,17,61,136,87,Core,Core,Core,Support,Support,Top,Middle,Bottom,Top,Bottom,28,13,62,71900,2500,3000,78800,6200,28200,15,27,249,156,63,116,236,117,288,63,116,273,36,41,534,589,596,908,36,116,112,180,331,50,30,116,36,143,0,309,180,36,216,0,244,37,949
6809656584,W,1:02:45,13,67,137,121,31,Core,Core,Core,Support,Support,Middle,top,Top,Roaming,Top,44,40,112,158400,2900,3400,198900,1400,27700,29,48,235,256,204,600,123,273,311,208,110,116,147,160,133,301,50,273,600,110,116,114,371,48,1,96,232,30,152,294,1,256,43,116,214,108,370
6809656584,L,1:02:45,136,120,27,22,53,Support,Core,Supprt,Core,Core,Roaming,Bottom,Top,Middle,Top,40,45,80,111900,2400,3200,191300,9400,15900,29,47,1,40,116,50,908,244,825,123,174,1,143,108,116,585,1,102,218,40,116,180,362,273,108,116,29,204,232,289,139,225,0,156,116,249,376
6806464370,L,0:37:40,41,74,137,86,128,Core,Core,Core, Suport,Support,Bottom,Middle,Top,Top,Roaming,13,32,26,58900,1900,2300,76100,0,1900,17,30,36,63,158,25,247,116,574,48,267,36,108,65,116,300,116,36,28,210,244,50,331,36,102,232,214,42,0,289,36,29,102,43,0,0,288
6806464370,W,0:37:40,10,51,78,52,79,Core,Support,Core,Core,Support,Top,Middle,Nottom,Middle,Middle,32,13,68,88600,2500,3300,103400,8500,29000,19,34,147,63,116,156,108,141,381,108,100,36,214,0,77,589,256,108,908,214,36,86,834,692,96,121,48,1,116,573,1,36,218,0,232,214,675
6806133891,L,0:26:58,123,57,52,31,44,Support,Core,Core,Support,Core,Dire,Top,Middle,Bottom,Bottom,5,26,15,37300,1500,1600,38700,2000,321,13,24,34,218,102,244,0,29,828,50,244,81,36,60,178,680,29,121,41,259,36,31,306,29,40,244,218,36,593,356,145,20,21,168,63,36,212
6806133891,W,0:26:58,66,136,70,11,9,Support,Support,Core,Core,Core,Top,Roaming,Top,Middle,Bottom,26,5,57,57700,2400,2600,63700,12400,20500,11,12,145,20,21,168,63,36,212,43,79,908,188,29,0,290,50,116,43,36,188,0,331,36,1,116,174,50,75,828,36,1,63,41,100,116,589
6807935361,L,0:56:58,80,120,55,121,51,Core,Core,Core,Support,Support,Bottom,Middle,Top,Bottom,Top,22,43,45,91300,2000,2200,128500,717,12700,26,49,29,108,16,16,16,16,335,63,1,226,143,174,1466,364,110,29,0,1,108,226,336,102,1,40,214,108,36,362,77,214,102,188,131,218,585
6807935361,W,0:56:58,75,89,23,69,123,Support,Core,Core,Core,Support,Top,Bottom,Middle,Top,Bottom,43,22,11,161000,3100,3300,143400,0,23800,26,47,190,102,152,185,0,214,585,116,139,117,220,114,135,571,50,210,96,249,41,116,364,600,112,116,220,235,110,362,256,1,30,232,29,102,676
6832140410,L,0:40:08,66,100,99,52,10,Support,Support,Core,Core,Core,Bottom,Top,Bottom,Top,Middle,18,25,44,77600,2300,2800,97200,11500,7200,18,34,0,79,908,218,29,102,838,102,0,1,0,0,214,289,108,116,178,112,50,125,834,0,116,1,121,48,9,949,156,141,63,116,147,236,288
6832140410,W,0:40:08,110,81,113,92,136,Support,Core,Core,Core,Support,Top,Top,Middle,Bottom,Bottom,25,19,60,99000,2700,3100,103600,21400,35900,20,36,88,102,185,216,0,214,290,117,1,151,63,114,598,309,600,1466,96,235,48,65,361,908,108,256,29,112,36,289,50,116,36,240,244,143,573
6818528391,L,0:33:47,129,41,5,88,19,Core,Core,Support,Support,Core,Top,Bottom,Bottom,Middle,Middle,18,37,45,54000,1900,2500,73000,0,345,16,27,50,1,178,116,11,73,949,116,154,63,158,36,65,376,43,100,0,34,244,29,946,214,108,593,0,39,244,289,50,108,1,149,36,67,361
6818528391,W,0:33:47,54,52,2,136,87,Core,Core,Core,Support,Support,Top,Middle,Bottom,Top,Bottom,37,18,78,76500,2500,3400,95600,5400,27800,15,30,50,151,143,117,112,168,381,119,121,48,244,116,36,834,1,48,36,116,127,125,840,50,116,1,36,17,40,309,214,36,232,244,0,254,290
6808028757,L,0:29:47,75,34,94,61,18,Support,Core,Core,Core,Support,Top,Roaming,Bottom,Top,Roaming,7,23,18,43900,1700,1900,72900,110,1400,14,27,180,593,36,218,244,39,356,1,41,119,178,40,21,589,170,160,36,236,63,149,309,86,90,180,178,36,79,676,31,34,102,43,244,29,290
6808028757,W,0:29:47,11,14,97,51,57,Core,Core,Core,Support,Support,Top,Middle,Bottom,Top,Bottom,23,7,55,64400,2400,2900,53300,3200,16400,14,25,249,63,116,26,236,139,361,50,31,9,108,1,116,574,102,1,596,63,73,232,331,108,218,36,214,131,77,290,36,30,226,188,214,0,349
6806047579,L,0:43:23,112,23,78,51,11,Support,Core,Core,Support,Core,Top,Middle,Top,Bottom,Bottom,23,22,50,81500,2200,2500,70800,10200,7700,20,31,36,43,1,180,0,0,336,112,73,50,116,96,48,381,29,908,61,36,31,108,571,214,1,90,37,36,0,364,116,63,110,603,263,141,362
6806047579,W,0:43:23,109,22,33,19,50,Core,Core,Core,Support,Support,Top,Middle,Bottom,Bottom,Top,22,23,51,100400,2500,2900,106500,15400,18500,19,33,603,147,156,116,160,141,335,1,176,29,96,100,256,300,1,908,232,36,123,29,311,1,37,100,232,0,29,571,29,36,593,37,232,30,289
6806472970,L,0:26:12,33,136,52,114,22,Core,Support,Core,Core,Support,Top,Top,Middle,Bottom,Bottom,16,34,36,55100,1800,2200,90700,2500,2200,16,32,116,1,908,29,36,16,289,50,36,21,40,8,0,1076,1,116,41,48,121,36,376,63,252,149,168,0,116,573,29,36,265,60,43,232,290
6806472970,W,0:26:12,88,135,19,5,72,support,Core,Core,Support,Core,Top,Bottom,Middle,Bottom,Top,33,16,84,85700,2600,3500,91900,11300,21800,17,31,102,244,1,36,30,214,357,50,908,116,178,596,108,574,116,1,50,2,252,112,309,931,43,254,36,0,188,834,1,160,116,156,108,141,376
6829266295,L,0:37:45,5,52,17,100,10,support,Core,Core,Support,Core,Bottom,Top,Middle,Roaming,Bottom,9,33,19,60100,1900,2400,74100,163,7800,18,34,102,29,42,37,34,244,675,1,121,29,116,77,36,574,63,116,178,273,98,41,288,214,36,593,1,40,31,949,123,21,36,63,160,108,361
6829266295,W,0:37:45,136,64,35,57,14,Core,Support,Core,Support,Core,Bottom,Roaming,Top,Top,Middle,32,10,77,79000,2400,3000,95800,11000,3000,17,32,149,1,596,50,116,143,331,216,908,36,180,102,0,289,249,172,116,263,63,123,573,36,102,42,256,0,29,834,50,31,119,108,1,116,676
6810862848,L,0:39:37,136,123,120,80,5,Core,Support,Core,Core,Support,Top,Bottom,Middle,Bottom,Roaing,15,25,28,63600,1900,2200,66000,210,15900,18,34,73,116,36,50,73,166,1077,29,1,36,116,38,166,361,1,116,174,180,569,166,289,0,0,0,16,16,0,212,214,36,21,102,218,188,675
6810862848,W,0:39:37,75,89,137,29,51,support,Core,Core,Core,Support,Top,Top,Middle,Bottom,Bottom,24,15,56,92900,2600,2800,89800,3000,18.500,19,35,190,102,30,185,29,43,675,250,114,147,63,116,139,573,50,1,176,69,244,116,949,1,908,50,36,232,110,331,108,40,36,214,218,102,680
6829345218,W,0:38:41,85,120,25,100,60,support,Core,Core,Support,Core,Bottom,Top,Middle,Top,Bottom,29,10,82,92800,2600,3100,79700,14200,35700,19,36,102,29,244,269,244,43,840,1,29,226,256,143,34,306,48,117,156,123,263,249,376,29,0,908,1,30,244,949,50,116,112,151,143,1,837
6829345218,L,0:38:41,38,6,89,5,137,Core,Core,Support,Support,Core,Bottom,Top,Bottom,Top,Middle,10,29,16,59300,1700,1800,68600,1400,4200,18,36,29,86,908,164,116,0,355,170,152,116,263,63,75,361,75,102,36,63,108,75,1076,36,73,43,214,244,37,675,50,9,36,244,1,116,364
6807818563,L,0:45:07,43,23,136,128,14,support,Core,Core,Support,Core,Middle,Middle,Top,Bottom,Bottom,28,34,38,79200,2300,3100,78500,2400,3300,21,37,218,102,254,36,11,214,289,9,116,54,249,151,220,1077,1,116,0,125,143,50,309,102,1,36,11,180,244,834,1,116,108,220,119,125,381
6807818563,W,0:45:07,85,38,27,120,53,support,Core,Support,Core,Core,Top,Bottom,Bottom,Middle,Top,34,30,75,102000,2800,3600,109200,4900,24900,20,37,180,30,102,610,218,108,289,48,40,1,235,908,116,585,1,40,218,30,116,214,336,143,116,174,48,1,108,638,63,168,160,225,249,116,376
6807722622,L,0:41:27,5,104,129,68,18,support,Core,Core,Support,Core,Top,Bottom,Middle,Top,Top,15,45,30,61900,1800,2400,93600,4100,337,19,35,36,42,102,244,0,214,680,50,127,1,116,73,73,834,116,178,1,36,110,0,949,29,36,254,218,0,244,331,1,172,116,250,63,252,381
6807722622,W,0:41:27,64,113,52,61,136,support,Core,Core,Core,Support,Top,Middle,Top,Bottom,Roaming,35,15,107,102800,2700,3700,138600,6700,13900,19,36,48,102,79,218,0,232,336,1,65,1466,108,48,235,362,121,96,1,273,48,116,300,112,90,180,178,116,908,577,143,36,50,116,0,30,573
6832008209,L,0:40:02,31,19,14,52,33,support,Support,Core,Core,Core,Bottom,Top,Bottom,Middle,Top,14,39,31,61000,1900,2100,93000,110,1900,17,30,37,12,218,29,36,1,680,50,40,1,36,218,102,290,31,0,116,108,50,125,355,259,119,31,226,121,48,358,88,29,1,116,244,232,990
6832008209,W,0:40:02,9,89,100,29,123,support,Core,Core,Core,Support,Top,Top,Middle,Bottom,Bottom,39,14,109,108200,2800,3300,128300,7700,29900,20,36,226,102,36,931,48,0,573,250,160,147,63,117,114,376,50,1,6,168,596,116,361,114,908,50,90,30,598,331,232,102,36,240,29,1466,309
6807805121,W,1:05:21,128,43,11,71,14,support,Core,Core,Support,Core,Top,Top,Middle,Roaming,Bottom,42,34,104,157400,2700,3500,178300,3300,31100,30,53,102,214,610,908,36,0,675,1,610,226,116,273,48,678,123,116,156,604,263,249,291,50,108,277,0,116,256,292,50,116,110,600,108,119,301
6807805121,L,1:05:21,18,39,61,85,123,Core,Core,Core,Support,Support,Top,Middle,Bottom,Top,Bottom,34,43,88,132600,2600,3300,183600,18600,8000,30,55,156,141,603,123,116,0,291,116,119,110,123,133,534,837,226,908,123,96,116,112,370,36,48,0,79,218,226,571,1,256,123,0,29,244,675
6808373109,W,0:36:02,136,135,106,50,14,support,Core,Core,Support,Core,Roaming,Top,Middle,Top,Bottom,40,15,87,83700,2500,3600,109600,21300,19300,17,32,98,30,102,36,1,214,361,50,908,1,36,596,116,834,41,116,50,108,273,166,309,269,29,43,254,0,188,990,1,119,116,117,110,108,381
6808373109,L,0:36:02,11,120,43,7,85,Core,Core,Core,Support,Support,Top,Top,Middle,Bottom,Roaming,15,40,41,53400,1800,2300,87100,1500,1900,17,32,36,172,63,141,236,116,288,180,143,36,569,174,116,376,36,63,596,226,77,116,675,38,1,593,180,0,0,290,81,214,218,36,216,188,574
6810895741,W,0:26:25,128,61,120,88,80,support,Core,Core,Support,Core,Top,Top,Bottom,Bottom,Bottom,27,9,51,56200,2300,2600,63000,763,21400,13,24,102,180,218,229,36,216,288,11,180,178,75,908,90,306,48,36,11,569,174,123,946,214,36,593,1,30,593,290,0,16,16,29,16,16,212
6810895741,L,0:26:25,85,13,78,123,4,support,Core,Core,Support,Core,Top,Middle,Bottom,Bottom,Top,9,27,20,39700,1600,1800,41900,2100,669,13,24,0,216,36,188,218,29,355,1,36,63,0,534,259,589,29,908,56,11,73,36,212,40,180,7,593,36,0,349,50,116,166,41,143,10,1077
6831640716,L,0:39:31,75,88,114,39,137,support,Support,Core,Core,Core,Bottom,Roaming,Bottom,Middle,Top,21,35,55,62100,1900,2400,90800,440,2900,17,33,37,29,102,73,36,0,336,57,244,1,36,214,40,840,75,116,168,143,63,569,376,210,63,116,225,534,9,289,244,116,9,50,259,69,834
6831640716,W,0:39:31,64,61,19,100,35,support,Core,Core,Support,Core,Top,Bottom,Top,Middle,Middle,34,21,75,82400,2400,3200,106400,3800,32700,19,33,102,214,244,254,0,30,306,96,180,90,112,908,178,834,63,116,108,1,149,252,289,214,100,593,1,36,40,335,263,116,141,63,10,156,837
6813846659,W,0:50:03,52,135,87,88,136,Core,Core,Support,Support,Core,middle,Top,Top,Bottom,Bottom,52,33,129,118200,2500,3700,159500,12000,26700,24,25,119,600,121,116,610,220,585,168,1,116,178,50,112,364,37,180,102,108,36,43,336,43,256,1,0,214,100,335,41,116,1,50,141,143,825
6813846659,L,0:50:03,114,22,43,19,31,Core,Core,Core,Support,Support,Top,Middle,Bottom,Bottom,Top,33,52,89,83100,2100,2900,161200,0,4300,22,44,208,160,63,116,598,110,376,116,41,235,273,36,29,311,116,77,119,114,267,50,825,50,116,1,36,218,244,335,214,36,40,593,188,254,675
6808167860,W,0:27:55,11,74,61,84,27,Core,Core,Core,Support,Support,Bottom,Middle,Top,Roaming,Top,34,7,70,63200,2600,2900,78400,3400,2600,15,27,172,63,149,236,116,247,828,1,98,65,185,100,48,946,96,908,180,90,36,244,306,36,180,187,43,593,79,357,1,21,43,34,232,29,990
6808167860,L,0:27:55,85,126,2,128,10,support,Core,Core,Support,Core,Top,Middle,Bottom,Bottom,Top,7,35,12,42800,1700,1900,38100,858,681,13,23,36,0,43,0,180,265,290,108,36,63,41,0,77,990,50,1,244,36,125,127,358,79,102,40,180,34,188,356,36,63,2,108,236,596,212
6807946326,L,0:39:01,7,39,92,66,6,support,Core,Core,Support,Core,Bottom,Middle,Bottom,Top,Top,14,37,31,64400,2000,2500,77300,11300,5600,19,36,1,36,37,214,43,40,289,273,63,30,119,116,534,309,908,9,34,214,86,40,676,269,29,79,188,86,0,290,75,63,263,139,147,116,381
6807946326,W,0:39:01,5,88,11,35,135,support,Support,Core,Core,Core,Bottom,Top,Top,Middle,Bottom,37,14,81,96700,2700,3600,106100,2900,24900,18,33,37,931,102,0,0,218,290,108,214,1,36,0,188,825,249,604,116,172,63,236,361,160,249,63,263,158,75,309,116,178,1,50,598,112,289
6806767627,L,0:39:01,35,66,106,136,88,Core,Support,Core,Core,Support,Bottom,Top,Middle,Top,Roaming,23,24,60,168700,2700,2900,161800,16300,9800,33,62,116,603,263,135,141,158,292,908,43,79,254,102,29,336,119,1466,235,220,273,208,311,1,116,0,112,143,50,374,1,214,188,0,102,38,300
6806767627,W,1:10:29,80,52,77,19,31,Core,Core,Core,Support,Support,Top,Middle,Bottom,Roaming,Top,23,23,60,173300,2600,2900,121500,1300,41000,33,62,172,0,110,25,48,11,311,96,176,121,600,116,220,374,931,116,210,635,225,48,677,1,214,96,102,256,37,366,1,37,102,256,214,43,294
6809580040,W,1:14:33,75,135,88,22,35,support,Core,Support,Core,Core,Roaming,Top,Bottom,Middle,Bottom,52,29,142,178600,2800,3200,164200,10000,21200,35,58,102,226,40,123,48,43,370,210,208,1,50,908,112,829,1,102,0,30,256,232,291,110,96,176,220,1,235,311,135,263,160,123,249,603,372
6809580040,L,1:14:33,20,11,28,114,19,support,Core,Core,Core,Support,middle,Middle,Bottom,Top,Top,29,52,58,149600,2700,3000,127000,8699,6400,33,54,1,108,116,908,0,214,829,110,263,116,604,249,220,291,220,116,600,172,249,225,372,604,63,116,250,225,160,292,48,1,152,37,232,256,371
6809802856,L,0:40:58,85,41,19,64,129,support,Core,Core,Support,Core,Bottom,Bottom,Middle,Top,Top,15,35,36,68500,2000,2300,66400,535,1800,20,36,102,29,36,218,188,0,834,172,63,116,75,147,166,376,1,108,116,50,141,65,381,226,188,34,29,0,244,361,116,178,1,110,29,232,290
6809802856,W,0:45:08,5,89,100,29,136,support,Core,Core,Core,Support,Top,Top,Middle,Bottom,Roaming,35,16,73,102000,2800,3100,11600,6900,22600,21,36,232,102,931,30,36,218,675,250,108,147,63,96,114,573,50,1,156,596,168,116,638,1,90,50,908,112,114,825,143,1,36,29,244,116,309