match_id;status;DURASI;hero_1;hero_2;hero_3;hero_4;hero_5;R1;R2;R3;R4;R5;L1;L2;L3;L4;L5;K;D;A;NET;GPM;XPM;DMG;HEAL;BLD;WARDS_KUNING;WARDS_BIRU;IH1_1;IH1_2;IH1_3;IH1_4;IH1_5;IH1_6;IH1_7;IH2_1;IH2_2;IH2_3;IH2_4;IH2_5;IH2_6;IH2_7;IH3_1;IH3_2;IH3_3;IH3_4;IH3_5;IH3_6;IH3_7;IH4_1;IH4_2;IH4_3;IH4_4;IH4_5;IH4_6;IH4_7;IH5_1;IH5_2;IH5_3;IH5_4;IH5_5;IH5_6;IH5_7
6806547565;W;00:31:54;85;38;17;137;14;Support;Core;Core;Core;Core;Bottom;Top;Middle;Roaming;Bottom;31;11;80;71700;2500;3300;75300;14000;20100;15;22;269;214;218;79;30;185;290;185;635;36;29;9;116;306;63;116;178;259;250;41;361;50;116;185;1;36;31;574;50;116;117;1;108;131;331
6806547565;L;00:31:54;110;136;58;22;41;Support;Core;Support;Core;Core;Bottom;Bottom;Roaming;Middle;Top;10;37;30;45300;1800;1900;55500;3600;1200;16;30;0;0;34;98;244;214;290;50;11;36;17;73;116;949;185;218;29;0;36;593;676;259;36;100;180;0;41;990;63;116;166;0;36;75;306
6808446343;L;00:32:19;38;19;128;14;114;Core;Support;Support;Core;Core;Top;Top;Roaming;Bottom;Middle;19;37;37;51100;1900;2400;91800;1400;3300;15;25;931;11;635;34;0;0;675;180;40;34;244;1;188;838;102;188;218;34;29;38;357;31;50;116;108;73;125;358;50;116;168;36;569;252;828
6808446343;W;00:32:19;54;136;61;52;31;Core;Support;Core;Core;Support;Top;Bottom;Bottom;Middle;Top;37;20;98;77200;2700;3500;105200;11700;30200;16;27;112;50;143;151;154;168;828;30;1;36;214;254;232;949;139;75;908;180;116;75;381;48;119;121;31;1;116;357;36;102;254;218;214;0;675
6808093633;L;00:31:08;128;65;43;6;137;Support;Core;Core;Core;Support;Bottom;Middle;Top;Bottom;Top;11;28;24;44700;1600;1900;63400;0;2200;14;27;0;0;42;102;36;214;331;48;36;116;1;40;232;828;244;596;48;40;36;116;1076;263;63;116;34;75;75;309;214;36;188;21;0;40;680
6808093633;W;00:31:08;16;106;51;10;111;Core;Core;Support;Core;Support;Bottom;Middle;Roaming;Top;Bottom;28;12;61;65900;2200;2800;83600;11400;19000;15;28;1;226;36;29;100;73;675;50;36;147;141;569;166;331;0;214;0;36;102;593;949;63;596;160;147;116;152;376;29;37;232;36;92;244;356
6809812984;W;00:25:05;11;17;61;51;75;Core;Core;Core;Support;Support;Bottom;Middle;Top;Bottom;Top;29;10;65;53000;2300;2800;73400;2100;7600;13;21;172;63;112;73;116;236;828;41;36;154;178;63;273;589;36;908;180;90;57;24;946;36;214;40;60;0;102;290;0;267;0;36;180;38;990
6809812984;L;00:25:05;10;19;135;88;31;Core;Core;Core;Support;Support;Top;Middle;Bottom;Bottom;Top;10;29;18;34000;1500;1800;44100;391;1200;12;23;170;36;75;596;63;26;212;41;21;252;1;36;63;589;50;116;36;178;11;30;331;1;593;16;214;42;34;840;36;180;43;0;593;39;838
6809523804;W;00:54:41;3;88;23;4;33;Support;Support;Core;Core;Core;Bottom;Top;Middle;Bottom;Top;52;21;108;128400;2800;3400;146700;7300;27900;25;47;226;29;102;116;43;36;585;256;218;1;36;214;100;335;141;600;116;220;249;112;638;158;603;116;208;50;123;825;29;116;1;908;110;232;571
6809523804;L;00:54:41;51;67;120;38;75;Support;Core;Core;Core;Support;Bottom;Top;Middle;Bottom;Top;21;52;44;98900;2300;2800;123100;4100;7900;26;50;102;214;36;1;226;218;364;208;63;139;160;147;108;837;1;108;116;63;123;143;309;110;102;635;0;29;235;585;102;110;43;180;188;36;336
6808122743;W;00:38:38;10;52;88;55;128;Core;Core;Support;Core;Support;Bottom;Middle;Middle;Top;Bottom;33;7;98;83300;2400;3200;81400;8900;19200;19;34;147;116;149;108;63;160;376;116;119;259;1;121;48;381;1;214;34;102;30;61;331;180;116;36;108;1;242;680;102;908;254;36;0;29;675
6808122743;L;00:38:38;58;48;92;11;7;Support;Core;Core;Core;Support;Jungle;Top;Bottom;Middle;Roaming;7;33;18;63700;1900;2100;65600;3500;6700;18;35;43;63;0;185;236;40;573;172;63;116;110;108;236;289;36;908;29;90;0;596;574;63;149;116;123;236;36;376;1;244;232;40;29;43;290
6806566779;L;00:31:51;15;136;65;46;96;Core;Support;Core;Core;Support;Top;Top;Middle;Bottom;Bottom;7;38;8;54500;2000;2300;47300;1900;2100;14;25;75;75;116;63;36;154;381;50;36;17;116;0;216;949;1;116;232;48;36;244;676;1;236;149;63;168;116;288;214;102;36;1;218;0;675
6806566779;W;00:31:51;111;135;22;5;14;Support;Core;Core;Support;Core;Bottom;Bottom;Middle;Top;Top;38;7;76;69500;2500;3400;106300;9300;13600;16;28;36;59;1;244;29;40;288;50;908;1;210;178;36;834;235;36;1;48;273;244;306;218;36;37;254;214;265;290;1;119;116;108;50;125;358
6807880611;W;00:33:23;102;59;120;9;11;Support;Core;Core;Support;Core;Top;Middle;Bottom;Roaming;Top;20;24;49;68900;2200;2600;71400;15200;27600;16;25;226;29;36;593;0;188;675;73;210;63;116;151;73;381;1;908;226;29;569;30;573;0;593;180;100;79;75;356;147;63;139;263;156;596;361
6807880611;L;00:33:23;75;137;58;39;70;Support;Core;Support;Core;Core;Top;Bottom;Bottom;Middle;Top;24;20;34;56900;2000;2500;74000;737;4200;16;29;102;218;190;63;16;40;840;50;40;36;9;108;116;589;263;0;63;40;36;485;1077;534;77;98;63;30;210;289;50;116;6;174;75;1;361
6809894646;W;00:42:57;51;13;40;136;10;Support;Core;Core;Support;Core;Jungle;Middle;Top;Bottom;Bottom;27;32;68;97600;2500;3200;108500;20300;20200;20;37;42;36;102;226;0;214;336;1;176;63;534;204;256;311;1;267;908;30;29;226;949;116;34;50;143;16;43;364;116;141;123;147;117;160;362
6809894646;L;00:42:57;3;137;38;109;101;Support;Core;Core;Core;Support;Top;MIddle;Bottom;Top;Roaming;31;27;70;78700;2200;2600;102200;4400;11200;20;38;214;232;218;244;34;188;676;116;110;50;1;41;273;834;29;244;232;635;36;116;949;263;63;116;147;160;123;376;29;36;232;88;31;218;336
6816712704;W;00:39:08;28;74;128;114;89;Core;Core;Support;Core;Support;Top;Middle;Bottom;Bottom;Top;30;12;73;95800;2600;3400;111200;10200;25700;18;21;1;116;143;65;63;112;834;48;1;96;116;110;235;289;29;187;218;36;185;79;676;63;160;168;116;143;598;1077;29;1;0;0;908;30;574
6816712704;L;00:39:08;58;11;108;19;75;Support;Core;Core;Core;Support;Jungle;Top;Bottom;Middle;Roaming;12;31;33;62500;1900;2200;77300;4800;7100;18;35;102;63;36;21;236;218;574;172;263;116;63;141;75;376;116;908;596;36;9;50;949;63;1;149;108;252;36;381;185;180;102;188;36;218;676
6808030636;W;00:42:16;5;88;9;135;11;Support;Support;Core;Core;Core;Bottom;Top;Top;Bottom;Middle;39;12;102;102200;2700;3700;129500;4900;29200;20;35;37;29;43;232;36;1;949;100;108;1;36;214;188;289;63;116;123;1466;30;596;362;569;1;116;168;50;112;358;249;604;116;263;117;123;288
6808030636;L;00:42:16;114;35;61;66;10;Support;Core;Core;Support;Core;Bottom;Middle;Bottom;Jungle;Top;19;39;55;66100;2000;2600;82200;13200;6700;20;38;250;36;0;40;75;0;834;172;63;149;263;116;485;949;908;9;36;180;210;40;574;188;86;79;102;0;29;676;596;63;147;108;160;116;311
6807892967;W;00:29:07;85;123;19;129;14;Support;Support;Core;Core;Core;Bottom;Roaming;Middle;Top;Bottom;31;6;66;67100;2500;3000;66300;6200;17900;15;28;43;265;36;180;81;188;212;231;254;0;218;36;92;306;63;252;1;152;36;116;828;1;116;168;596;30;50;331;116;1;50;108;31;125;358
6807892967;L;00:29:07;58;41;78;17;136;Support;Core;Core;Core;Support;Top;Top;Bottom;Middle;Bottom;6;31;15;41500;1600;1800;38900;3300;2700;14;26;102;63;36;0;17;188;349;65;63;116;11;166;34;381;178;908;214;36;11;0;358;63;116;40;41;534;36;361;265;36;188;116;50;218;1077
6809815986;W;00:32:29;87;136;72;23;61;Support;Support;Core;Core;Core;Top;Bottom;Bottom;Middle;Top;29;13;80;72900;2500;3100;77000;10900;29600;14;28;0;180;0;108;36;0;990;50;116;43;36;244;40;828;141;116;156;108;63;75;381;73;24;50;112;116;73;949;96;75;180;908;90;596;309
6809815986;L;00:32:29;64;25;106;33;88;Support;Core;Core;Core;Support;Top;Middle;Top;Bototm;Bottom;13;30;25;48900;1800;2100;77500;1500;2700;16;30;180;79;36;218;244;188;577;16;141;41;63;188;116;288;149;166;116;596;50;36;361;20;232;29;36;0;908;358;214;36;1;43;188;244;675
6807772753;L;00:41:35;123;136;22;85;48;Support;Core;Core;Support;Core;Top;Top;Middle;Bottom;Bottom;17;27;40;68100;2000;2500;112200;4300;2300;19;37;102;36;1;40;218;214;949;50;226;36;116;73;143;309;48;116;1;36;273;232;289;36;218;254;40;29;244;834;152;147;116;263;63;160;288
6807772753;W;00:41:35;68;113;52;89;88;Support;Core;Core;Core;Support;Bottom;Middle;top;Bottom;Top;27;17;64;101400;2700;3200;119700;963;14300;19;36;180;102;34;218;31;244;290;1;96;1466;48;108;235;362;96;116;1;121;48;176;311;108;90;63;908;36;223;574;214;102;1;43;30;36;676
6806282981;W;00:47:54;128;52;97;114;19;Support;Core;Core;Core;Support;Roaming;Middle;Top;Bottom;Top;40;17;99;108300;2500;3500;129000;195;22700;22;37;229;185;116;218;29;30;336;116;96;121;220;119;273;300;102;596;1;36;235;63;675;225;117;116;208;160;252;571;214;1;102;100;36;37;311
6806282981;L;00:47:54;30;96;10;51;77;Support;Core;Core;Support;Core;Roaming;Bottom;Middle;Roaming;Top;17;40;42;76400;1900;2400;105100;3900;3400;23;42;102;29;244;267;218;215;990;1;29;102;226;125;90;571;63;116;160;108;598;152;311;214;102;244;40;108;36;949;225;116;216;29;112;635;364
6809556554;W;01:05:47;33;19;35;109;85;Core;Support;Core;Core;Support;Top;Top;Middle;Bottom;Bottom;37;38;96;139000;2600;3000;175500;15700;33200;30;55;908;1;235;48;116;110;0;48;1;36;102;100;37;301;603;249;116;135;141;263;677;1;225;160;147;96;116;366;29;0;226;102;36;37;829
6809556554;L;01:05:47;6;97;52;137;75;Core;Core;Core;Core;Support;Top;Bottom;Middle;Roaming;Bottom;38;38;93;143900;2800;3100;190300;92;15100;31;58;147;249;116;263;156;139;366;102;1;61;48;116;232;311;119;96;121;48;600;116;291;1;116;37;214;0;185;829;158;81;254;30;214;110;290
6807886186;L;00:24:10;41;25;77;58;9;Core;Core;Core;Support;Core;Bottom;Middle;Top;Bottom;Roaming;12;20;22;41000;1900;2100;31200;940;2600;11;19;75;63;36;21;65;166;306;116;36;149;65;88;48;1077;244;86;11;635;16;55;358;36;63;39;244;593;43;356;42;267;40;36;29;0;680
6807886186;W;00:24:10;5;33;52;19;80;Support;Core;Core;Support;Core;Top;Bottom;Top;Bottom;Middle;20;13;43;54300;2500;2600;45400;310;23200;10;20;102;29;43;254;88;244;356;1;29;0;0;16;908;947;48;116;77;1;77;121;349;180;42;188;1;244;36;680;0;16;16;29;16;16;1076
6808330940;W;00:29:56;5;81;76;29;19;Support;Core;Core;Core;Support;Bottom;Bottom;Middle;Top;Roaming;27;12;76;67200;2400;3100;71600;5800;11600;15;30;214;254;36;185;188;218;990;151;1;116;63;36;598;828;1;65;232;48;77;108;212;1;90;50;908;123;36;349;180;1;34;244;40;102;0
6808330940;L;00:29:56;30;136;10;65;69;Support;Support;Core;Core;Core;Bottom;Middle;Top;Middle;Bottom;12;28;22;50100;2000;2300;48500;377;754;13;25;218;180;237;188;36;1;358;50;188;218;36;21;39;212;75;147;108;596;63;36;573;48;232;116;36;41;244;361;116;65;1;50;232;244;331
6809483969;L;00:33:37;66;27;70;137;19;Support;Support;Core;Core;Core;Top;Bottom;Bottom;Top;Middle;16;26;32;56600;1900;2300;6400;7200;4400;15;26;0;79;269;81;43;44;676;218;38;1;36;0;214;675;26;1;174;116;63;36;828;123;116;273;50;73;244;349;152;1;252;116;50;0;949
6809483969;W;00:33:37;51;95;52;69;88;Support;Core;Core;Core;Support;Bottom;Top;Middle;Bottom;Top;25;16;52;74300;2500;3300;79900;402;10000;16;28;102;214;30;218;30;244;676;116;50;156;75;154;145;573;273;119;36;48;121;244;574;244;1;116;65;235;48;289;1;214;36;57;257;244;306
6807886590;W;00:29:35;53;120;43;137;50;Core;Core;Core;Support;Support;Bottom;Middle;Top;Top;Bottom;26;4;60;72300;2600;2900;72700;8200;17500;15;27;1466;156;63;116;112;65;309;36;174;29;59;1;143;946;1;100;116;36;9;50;306;178;40;116;36;9;214;949;244;269;43;29;39;232;680
6807886590;L;00:29:35;29;74;11;19;111;Core;Core;Core;Support;Support;Bottom;Middle;Top;Top;Bottom;4;27;12;45000;1700;1900;37100;3000;1100;15;21;1;908;11;15;50;73;990;36;65;102;48;116;60;680;63;149;11;36;116;263;288;29;11;0;36;0;244;290;180;43;0;36;37;0;0
6831574509;W;00:27:52;75;88;35;10;38;Support;Support;Core;Core;Core;Roaming;Middle;Bottom;Middle;Top;24;14;53;57700;2400;2900;75500;3500;28300;12;21;37;29;102;92;36;218;331;43;188;1;36;214;0;306;75;263;158;0;63;34;828;75;160;63;263;147;41;1076;635;244;1;21;11;29;1077
6831574509;L;00:27:52;31;33;137;100;54;Support;Core;Core;Support;Core;Jungle;Bottom;Middle;Bottom;Top;14;24;28;43900;1800;2100;39600;2100;2400;13;25;102;29;188;218;36;244;288;908;21;16;16;39;29;990;50;116;108;36;244;41;949;214;244;36;1;188;42;945;50;168;569;151;143;11;828
6806790160;L;00:44:14;46;52;129;86;66;Core;Core;Core;Support;Support;Bottom;Middle;Top;Top;Bottom;9;29;14;80700;2200;2500;60800;5900;4000;22;41;1;249;63;236;168;250;638;119;121;48;37;116;0;571;1;73;116;596;69;50;949;1;29;43;36;232;244;300;908;79;0;0;29;0;290
6806790160;W;00:44:14;97;120;43;54;9;Support;Core;Core;Core;Support;Top;Middle;Bottom;Top;Bottom;29;9;70;108500;2600;3400;86300;6100;28800;20;38;1;229;180;30;43;34;336;226;208;174;600;30;29;311;116;48;1;96;210;119;571;151;225;73;50;160;112;573;29;36;267;226;40;908;834
6808011785;L;00:28:57;120;27;136;94;23;Core;Support;Support;Core;Core;Top;Top;Bottom;Bottom;Middle;5;31;14;45300;1800;2000;47900;546;2100;15;28;180;174;210;11;36;569;946;180;36;265;43;1;244;990;50;86;216;36;43;244;356;236;147;63;160;36;2;212;50;41;116;73;73;162;680
6808011785;W;00:28:57;29;19;13;46;31;Core;Support;Core;Core;Support;Bottom;Bottom;Middle;Top;Top;31;6;74;68000;2600;3200;69900;0;19100;16;26;178;100;210;50;156;34;574;50;1;36;0;100;39;680;1;277;534;63;273;30;357;63;1;168;236;141;116;288;180;36;0;102;43;38;306
6806751717;L;00:44:18;85;22;63;26;18;Support;Core;Core;Support;Core;Top;Middle;Top;Bottom;Bottom;11;54;35;69600;1900;2400;89700;5600;1700;22;32;218;36;79;39;593;29;680;232;77;29;116;108;273;675;226;108;908;0;75;267;309;214;1;593;36;593;23;585;250;63;116;1;249;172;573
6806751717;W;00:44:18;58;10;78;120;75;Support;Core;Core;Core;Support;Top;Top;Bottom;Middle;Bottom;54;12;132;116000;2800;3700;147600;13900;30400;19;37;263;63;36;116;30;226;288;156;48;116;108;160;154;381;116;908;600;112;65;214;362;180;1;174;123;108;143;335;235;931;102;40;36;0;336
6809539681;L;00:41:17;33;120;104;50;89;Core;Core;Core;Support;Core;Bottom;Middle;Bottom;Top;Top;20;27;46;79800;2300;2700;105700;19100;6300;20;35;1;908;116;180;240;57;289;180;143;156;174;116;108;376;127;1;116;50;36;9;825;36;180;218;31;188;244;336;36;160;147;250;63;114;638
6809539681;W;00:41:17;64;113;80;78;19;Support;Core;Core;Core;Support;Roaming;Middle;Bottom;Top;Middle;27;20;68;94000;2600;3200;124800;5200;26800;20;37;231;593;43;0;36;0;336;1;65;1466;235;48;108;311;75;75;75;75;29;117;358;0;108;29;908;226;92;834;30;100;1;50;37;0;676
6815136578;W;00:24:09;9;93;100;92;19;Support;Core;Core;Core;Support;Bottom;Bottom;Middle;Top;Top;26;7;64;51400;2200;2700;58000;2900;15500;11;21;180;102;185;36;94;40;358;174;596;36;63;8;108;1077;50;1;41;36;596;116;577;908;86;9;90;36;29;680;50;1;34;244;23;40;840
6815136578;L;00:24:09;16;106;10;5;111;Core;Core;Core;Support;Support;Bottom;Middle;Top;Top;Roaming;7;26;20;34800;1600;1800;47900;2400;272;13;18;1;29;73;73;190;36;840;50;569;36;41;116;166;828;63;26;22;170;36;236;838;23;593;42;36;214;188;290;29;37;218;36;92;0;212
6807936112;W;00:33:52;88;33;17;3;41;Support;Core;Core;Support;Core;Roaming;Top;Middle;Bottom;Bottom;42;17;88;77100;2600;3400;103500;3600;21700;16;29;102;37;1;30;214;259;290;29;908;1;116;235;36;289;534;36;116;98;63;259;361;36;37;40;29;232;593;675;65;147;116;158;63;117;381
6807936112;L;00:33:52;85;6;120;136;60;Support;Core;Core;Support;Core;Bottom;Top;Middle;Roaming;Bottom;16;44;43;50300;1800;2300;48900;7200;1200;16;30;254;29;0;36;40;218;290;34;63;116;263;170;75;361;1;36;123;180;174;569;828;50;42;8;36;188;21;949;29;1;151;116;8;17;381
6810821982;W;00:43:40;14;25;136;86;85;Core;Core;Core;Support;Support;Bottom;Middle;Top;Bottom;Jungle;22;22;47;95300;2300;3000;88500;3200;19500;22;41;50;1;226;108;119;116;571;48;1;135;123;116;141;376;116;0;75;225;40;50;638;36;1;108;214;232;30;290;218;29;226;36;37;188;585
6810821982;L;00:43:40;57;65;11;75;19;Support;Core;Core;Core;Support;Roaming;Middle;Top;Bottom;Bottom;22;23;54;69200;1900;2500;86000;4500;1600;21;37;29;79;269;218;188;0;675;1;41;102;48;232;116;362;236;116;249;139;63;156;571;75;36;180;263;1;75;381;244;102;1;50;43;36;825
6807938213;L;00:45:11;80;129;11;128;57;Core;Core;Core;Support;Support;Top;Bottom;Middle;Bottom;Roaming;20;25;56;81300;2000;2500;101500;11900;18600;21;39;75;75;75;75;29;143;573;0;1;908;50;116;596;949;41;147;263;63;123;116;362;244;79;36;214;226;0;676;36;218;226;214;0;40;336
6807938213;W;00:45:11;75;65;10;61;88;Support;Core;Core;Core;Support;Top;Middle;Bottom;Top;Middle;25;20;77;95600;2400;3200;126800;11700;11200;21;37;180;263;43;36;75;0;306;1;0;110;235;48;116;300;147;141;116;139;117;108;837;75;36;231;112;33;908;335;36;100;1;43;0;214;585
6807768064;L;00:34:17;128;108;81;136;135;Core;Core;Core;Support;Support;Bottom;Middle;Top;Top;Bottom;25;30;31;62700;2200;2500;66200;5200;8100;16;24;63;1;108;36;232;73;675;41;63;206;116;112;36;361;151;116;63;598;24;114;574;50;218;8;36;244;21;1076;29;244;108;0;269;38;676
6809701946;W;00:23:56;88;55;19;5;46;Support;Core;Core;Support;Core;Roaming;Top;Middle;Bottom;Bottom;33;11;86;48000;2300;3100;73200;1700;8800;11;22;36;43;1;214;43;593;990;180;242;1;16;81;34;306;244;1;50;116;36;252;828;102;214;36;43;185;0;349;1;117;168;263;63;36;1077
6809612544;W;00:36:09;109;137;61;18;27;Core;Core;Core;Support;Support;Bottom;Middle;Top;Bottom;Top;31;13;64;83700;2500;2900;69500;6600;24200;18;28;141;63;263;170;116;160;376;1;50;41;116;30;96;573;36;908;180;116;112;108;834;36;214;1;42;0;102;289;1;244;0;116;180;188;990
6808292501;L;00:49:43;3;6;25;136;28;Support;Core;Core;Support;Core;Bottom;Bottom;Middle;Top;Top;23;45;45;103400;2500;2900;100500;9400;6400;23;24;102;29;36;218;232;0;675;160;63;116;263;147;158;362;596;156;110;48;116;249;376;50;116;0;0;36;0;585;63;1;172;116;247;112;638
6809547720;L;00:32:56;114;65;33;5;100;Core;Core;Core;Support;Support;Top;Middle;Bottom;Top;Jungle;21;37;55;56800;2000;2400;87300;3000;3900;16;25;36;63;108;158;26;116;309;48;1;232;41;116;36;574;34;180;0;1;21;908;990;0;36;216;931;188;216;675;29;1;218;36;0;593;306
6818704228;W;00:33:08;5;61;52;100;4;Support;Core;Core;Support;Core;Bottom;Top;Middle;Roaming;Bottom;38;16;92;84800;2700;3600;100000;2900;28000;16;27;102;180;30;185;0;254;306;90;29;75;232;108;908;289;48;116;9;1;121;96;675;214;36;40;1;75;244;834;50;116;160;143;158;11;376
6810906509;W;00:38:55;30;136;52;33;99;Support;Support;Core;Core;Core;Roaming;Top;Middle;Top;Bottom;38;15;67;85500;2500;3200;90300;5300;26900;19;34;36;43;908;214;0;593;306;116;50;143;40;36;181;574;119;121;1;48;273;116;571;1;116;30;180;123;267;675;116;125;112;156;63;108;381
6809417360;W;00:39:09;14;46;137;18;128;Core;Core;Core;Support;Support;Bottom;Middle;Top;Bottom;Top;35;17;94;86200;2400;3200;101800;4500;22700;18;37;50;125;1;178;116;108;376;1;141;168;263;116;117;361;110;1;50;116;119;36;311;36;29;42;244;908;102;573;231;102;36;37;0;0;675
6810863490;W;00:40:09;87;100;4;52;23;Support;Support;Core;Core;Core;Top;Roaming;Bottom;Top;Middle;36;19;82;91200;2500;3300;100700;0;21100;17;34;108;180;43;593;36;0;290;50;102;1;36;0;100;335;143;116;158;123;50;75;376;96;116;1;121;30;48;362;210;250;116;112;50;73;361
6809742301;L;00:40:05;65;19;13;54;85;Core;Support;Core;Core;Support;Top;Top;Middle;Bottom;Bottom;17;40;35;64700;2000;2300;80100;2000;1700;20;40;116;1;102;48;244;36;675;50;1;36;102;0;37;834;1;36;116;63;273;534;289;151;123;149;50;168;55;573;180;36;0;102;218;244;290
6810944275;L;00:58:12;73;11;20;88;64;Core;Core;Core;Support;support;Bottom;Middle;Top;Bottom;Middle;28;57;64;109800;2500;3200;155400;0;9400;27;45;600;249;145;116;112;225;335;604;116;110;256;96;63;676;63;102;75;108;0;235;990;1;0;100;36;214;256;571;29;36;610;232;0;102;675
6808348917;L;00:22:19;97;31;18;19;120;Core;Support;Core;Support;Core;Bottom;Top;Top;Bottom;Bottom;7;23;16;32500;1600;1900;25000;0;772;11;17;29;1;34;11;232;73;945;43;0;593;36;29;0;946;172;116;63;2;36;252;358;180;188;34;244;1;0;840;41;11;36;174;29;240;828
6806142086;L;00:30:31;33;19;109;102;40;Core;Support;Core;Support;Core;Top;Top;Bottom;Bottom;Middle;11;38;22;44300;1700;1800;71400;6200;4500;14;23;1;29;187;908;8;21;840;180;244;36;0;1;31;349;116;170;63;236;598;24;361;102;43;188;36;0;214;990;41;36;116;0;29;267;589
6808178906;W;00:46:40;98;64;137;80;111;Core;Support;Core;Core;Support;Top;Bottom;Middle;Bottom;Middle;29;38;71;91400;2200;3200;111300;16400;20000;22;31;1;116;273;117;96;226;311;102;214;254;36;0;0;290;50;1;119;116;110;30;364;31;75;75;29;75;33;834;29;37;108;36;92;0;825
6811140084;W;00:49:51;87;100;22;33;41;Support;Support;Core;Core;Core;Jungle;Jungle;Middle;Top;Bottom;53;15;128;124000;2700;3600;180000;4800;24500;23;36;216;229;254;36;218;214;306;1;50;108;116;30;33;571;235;108;110;48;273;116;311;1;908;116;29;235;110;834;116;160;117;158;154;133;376
6817224250;L;00:41:50;88;29;22;5;93;Support;Core;Core;Support;Core;Bottom;Top;Middle;Top;Middle;12;41;23;65800;2000;2200;94900;1700;949;20;38;37;36;102;244;214;40;331;50;210;1;908;31;37;949;214;176;100;41;232;108;589;40;218;37;102;36;214;676;143;108;116;598;63;160;381
6806158709;W;00:44:10;11;120;69;7;87;Core;Core;Core;Support;Support;Bottom;Middle;Top;Bottom;Top;46;20;81;105500;2700;3600;114100;195;22200;21;37;117;604;249;135;263;116;376;63;600;30;174;116;208;585;110;235;48;1;108;116;311;40;1;0;214;265;256;362;244;180;254;34;30;40;336
6810932324;W;00:36:37;5;33;137;100;6;Support;Core;Core;Support;Core;Bottom;Top;Middle;Middle;Bottom;43;14;95;82200;2500;3200;98200;4500;32900;17;30;102;214;88;185;0;43;358;1;232;242;29;908;0;675;50;116;119;1;273;41;289;214;102;0;1;185;36;680;263;147;123;63;141;116;381
6806291706;L;00:35:33;135;10;78;106;75;Support;Core;Core;Core;Support;Bottom;Bottom;Top;Middle;Top;15;38;32;54300;1800;2000;96400;4400;1800;15;31;102;29;37;79;36;218;376;63;36;116;108;170;596;573;36;908;1;65;11;50;949;50;116;41;569;108;36;358;188;180;102;244;36;218;212
6813739089;W;00:47:15;19;120;22;5;4;Support;Core;Core;Support;Core;Top;Top;Middle;Bottom;Bottom;37;19;104;107600;2500;3400;150200;6300;18000;22;40;100;210;1;36;30;50;335;29;226;1;908;143;256;834;256;176;1;48;235;108;300;102;37;43;931;36;0;336;208;147;116;158;249;117;381
6817320059;W;00:49:33;31;81;120;69;9;Support;Core;Core;Core;Support;Bottom;Bottom;Middle;Top;Top;30;20;84;126600;2700;3400;113400;9700;20100;23;43;931;102;40;36;188;43;290;117;600;151;63;123;112;638;600;174;143;180;256;119;300;600;110;116;220;235;108;289;210;908;96;29;30;102;585
6810984589;L;00:43:24;5;95;13;19;137;Support;Core;Core;Support;Core;Bottom;Bottom;Middle;Top;Top;13;27;21;79700;2100;2500;90300;195;3600;21;38;244;214;36;218;21;0;306;116;1;143;160;50;145;381;600;235;256;63;534;273;289;1;102;116;214;188;0;290;50;178;226;116;273;40;949
6806101302;L;00:56:52;85;128;52;120;109;Support;Support;Core;Core;Core;Bottom;Top;Middle;Top;Bottom;35;27;81;126800;2700;2900;153100;19700;17100;27;50;36;231;102;37;218;86;571;92;102;37;188;256;29;362;121;119;610;48;273;116;834;1;1466;226;29;256;143;585;116;160;147;156;135;139;335
6806146943;L;00:34:43;114;123;43;10;85;Core;Support;Core;Core;Support;Top;Top;Middle;Bottom;Roaming;4;18;12;60800;2000;2100;37200;375;4300;16;29;168;11;116;63;75;75;309;29;36;259;232;38;0;357;1;116;534;63;596;162;834;147;36;596;63;160;26;573;180;34;0;102;43;244;376
6829521976;L;01:07:06;87;100;106;114;97;Support;Support;Core;Core;Core;Bottom;Middle;Middle;Bottom;Top;35;47;89;128400;2700;2900;215000;260;6000;30;52;185;29;226;108;36;43;372;50;43;1;36;108;244;371;48;1466;110;123;116;119;301;135;116;156;110;63;158;292;232;102;1;110;180;256;300
6809888330;W;00:43:52;14;35;135;136;75;Core;Core;Core;Support;Support;Bottom;Middle;Top;Top;Bottom;40;17;82;107000;2700;3600;106800;17400;32900;21;36;50;600;119;116;108;125;571;249;172;160;141;263;63;309;1;143;116;108;112;50;381;50;116;1;9;260;143;638;1;908;75;75;75;63;288
6809417403;L;00:34:21;75;100;13;43;11;Support;Support;Core;Core;Core;Bottom;Roaming;Middle;Top;Bottom;3;26;8;52100;1800;1900;46500;77;2600;17;32;43;190;216;180;0;36;212;1;50;37;36;11;0;361;63;534;1;102;232;273;331;100;116;9;63;16;36;1076;172;152;36;116;63;236;1077
6829692346;W;00:44:52;75;88;6;120;135;Support;Support;Core;Core;Core;Jungle;Bottom;Bottom;Middle;Top;39;25;104;96800;2600;3600;126700;6300;19700;19;31;254;29;102;218;36;256;356;0;108;1;36;214;0;585;139;263;147;116;63;141;573;174;1;119;30;235;29;300;116;112;1;50;168;123;571
6818469926;L;00:51:39;6;120;28;9;85;Core;Core;Core;Support;Support;Bottom;Middle;Top;Top;Bottom;24;35;63;95800;2300;2900;135900;15100;9100;24;46;603;263;63;116;256;249;288;174;600;143;256;48;168;300;1;172;116;256;63;108;825;100;908;92;36;0;29;335;29;0;0;79;37;102;675
6807768064;W;00:34:17;5;89;19;69;123;Support;Core;Core;Core;Support;Bottom;Bottom;Middle;Top;Top;29;25;62;85000;2700;3300;110200;0;4800;16;32;254;102;185;36;214;218;834;114;139;147;63;108;117;574;1;63;41;108;149;252;381;1;65;116;110;48;235;289;43;190;36;232;214;102;361
6809701946;L;00:23:56;8;92;11;136;51;Core;Core;Core;Support;Support;Top;Bottom;Middle;Bottom;Top;10;33;16;35600;1700;1900;48300;4700;2700;12;22;147;50;36;0;166;75;1076;77;0;908;131;36;214;306;41;75;236;63;36;116;288;21;40;36;29;216;0;331;36;593;0;214;0;40;290
6809612544;L;00:36:09;136;6;78;120;87;Support;Core;Core;Core;Support;Top;Top;Bottom;Middle;Bottom;13;31;32;56700;1800;2000;58100;2600;2300;17;33;218;50;0;116;16;0;361;249;63;116;75;236;75;376;178;908;214;36;112;65;289;180;1;174;569;143;36;309;265;29;226;593;36;218;290
6808292501;W;00:49:43;5;11;135;85;89;Support;Core;Core;Support;Core;Bottom;Middle;Bottom;Top;Top;44;23;99;125700;2800;3400;140700;22500;29700;23;40;102;226;36;931;40;0;336;604;117;263;147;116;141;362;908;1;210;50;242;112;571;30;29;226;102;34;86;675;160;225;147;250;63;603;573
6809547720;W;00:32:56;40;136;20;89;11;Core;Support;Support;Core;Core;Top;Middle;Top;Bottom;Middle;35;21;97;78300;2700;3200;100700;8700;29500;16;25;29;1;908;226;267;36;834;50;36;116;11;0;143;355;218;232;593;36;244;214;949;174;147;63;114;143;160;574;116;63;263;0;123;149;288
6818704228;L;00:33:08;128;19;59;106;53;Support;Support;Core;Core;Core;Top;Bottom;Bottom;Middle;Top;16;39;36;51700;1900;2100;77000;220;4900;15;22;43;73;214;36;73;0;212;29;1;216;36;244;188;946;210;116;73;29;151;26;828;569;145;170;48;166;149;289;63;185;116;249;0;598;1076
6810906509;L;00:38:55;14;74;137;66;20;Core;Core;Core;Support;Support;Top;Middle;Bottom;Top;Roaming;15;28;31;65400;1900;2200;72900;8400;3000;18;34;50;259;1;125;116;108;834;1;77;65;102;96;48;309;116;108;50;244;36;259;289;79;29;185;0;218;908;376;1;0;36;59;214;0;990
6809417360;L;00:39:09;20;28;51;120;92;Support;Core;Support;Core;Core;Top;Top;Bottom;Middle;Bottom;17;35;45;55300;1800;2100;80400;4500;2900;19;32;0;0;0;34;214;0;675;63;172;1;6;247;116;573;40;593;108;29;36;31;574;569;143;174;63;36;147;309;214;908;0;77;185;112;212
6810863490;L;00:40:09;10;5;92;19;13;Core;Support;Core;Support;Core;Top;Top;Bottom;Bottom;Middle;19;36;40;68900;2000;2500;86500;3100;4700;20;36;147;63;116;596;141;108;571;36;102;254;218;214;0;675;73;29;908;112;116;36;834;42;1;36;50;100;12;949;29;256;100;273;1;534;300
6809742301;W;00:40:05;88;52;135;15;87;Support;Core;Core;Core;Support;Top;Middle;Bottom;Top;Bottom;40;18;90;98400;2700;3500;116500;8000;26100;19;35;102;1;37;214;36;30;364;48;1;121;119;96;131;676;178;36;168;226;908;50;335;63;156;112;154;108;116;311;43;214;102;36;108;0;290
6810944275;W;00:58:12;110;129;136;35;53;Support;Core;Support;Core;Core;Top;Bottom;Middle;Middle;Roaming;57;28;157;132500;2700;3500;173500;10900;33700;28;49;43;256;0;119;48;34;311;50;256;600;48;0;116;949;50;30;256;143;116;40;837;256;263;156;110;116;141;376;534;249;160;112;116;225;825
6808348917;W;00:22:19;48;136;92;13;3;Core;Support;Core;Core;Support;Bottom;Bottom;Top;Middle;Top;23;7;41;48700;2400;2900;49300;2800;14500;12;22;236;63;116;172;117;154;212;244;21;36;50;8;181;358;29;77;908;55;36;9;838;41;534;259;63;1;36;331;36;232;218;214;188;0;840
6806142086;W;00:30:31;75;52;14;78;18;Support;Core;Core;Core;Support;Bottom;Middle;Top;Bottom;Top;37;11;82;64300;2400;3200;85300;1500;10700;14;27;180;102;43;36;75;75;288;30;100;121;48;9;116;680;125;176;1;108;50;36;357;216;108;180;34;92;908;356;244;43;226;34;29;31;946
6808178906;L;00:46:40;5;106;9;10;136;Support;Core;Core;Core;Support;Top;Middle;Bottom;Top;Bottom;38;29;80;85000;2200;3100;148800;6900;5300;21;38;908;244;36;43;0;214;336;166;110;50;116;273;108;574;116;596;63;1466;75;26;825;249;63;116;147;160;26;381;50;36;116;244;8;0;837
6811140084;L;00:49:51;66;129;136;120;35;Support;Core;Support;Core;Core;Bottom;Bottom;Jungle;Middle;Top;15;53;31;73900;1900;2400;90200;20100;2400;23;43;131;0;79;908;40;29;675;50;596;1;149;232;116;949;50;36;40;43;116;31;571;256;108;174;29;600;143;300;63;247;0;236;249;75;362
6817224250;W;00:41:50;52;136;75;70;23;Core;Support;Support;Core;Core;Bottom;Bottom;Top;Top;Middle;41;12;106;96800;2500;3500;122500;6600;13400;18;33;119;116;1;121;48;273;585;50;218;116;36;0;244;309;37;214;102;73;36;254;336;174;1;116;208;50;38;638;96;249;116;110;36;50;364
6806158709;L;00:44:10;86;13;135;85;35;Support;Core;Core;Support;Core;Bottom;Middle;Bottom;Top;Top;20;46;31;75500;2100;2700;92900;3100;1100;21;39;1;102;36;214;232;0;585;1;63;0;100;534;273;300;116;1;210;50;178;112;574;34;29;218;188;244;908;290;139;63;236;75;249;116;381
6810932324;L;00:36:37;87;120;61;19;10;Support;Core;Core;Support;Core;Bottom;Middle;Bottom;Top;Top;14;44;30;63200;2000;2400;63100;3700;5200;18;29;0;593;43;0;180;0;990;1;36;180;143;174;108;828;180;908;90;36;75;596;676;102;1;37;34;214;0;290;116;63;149;170;160;108;309
6806291706;W;00:35:33;98;64;126;93;103;Core;Support;Core;Core;Support;Bottom;Top;Middle;Top;Bottom;38;16;77;75300;2300;3300;123700;7800;12000;17;29;226;147;273;29;100;160;331;0;231;218;36;0;0;0;50;36;100;176;108;0;289;63;108;123;143;174;596;381;214;36;21;102;229;43;949
6813739089;L;00:47:15;11;74;29;18;75;Core;Core;Core;Support;Support;Top;Middle;Bottom;Jungle;Bottom;19;37;42;75300;1900;2400;111300;3800;4200;23;42;156;139;1;250;116;236;571;1;96;116;534;63;30;289;908;1;50;36;90;244;300;36;214;1;40;218;31;574;29;190;226;0;36;0;949
6817320059;L;00:49:33;129;136;93;5;15;Core;Support;Core;Support;Core;Bottom;Top;Top;Bottom;Middle;20;30;40;81100;1900;2600;72900;5500;3100;23;45;596;1;96;50;116;40;585;244;116;36;214;8;17;364;63;98;116;174;143;108;638;36;102;254;43;214;40;675;112;110;154;63;1;116;335
6810984589;W;00:43:24;15;136;61;52;79;Core;Support;Core;Core;Support;Top;Top;Bottom;Middle;Bottom;27;13;61;101300;2400;3100;103200;9900;20300;20;39;156;117;116;210;112;154;837;181;116;36;50;0;143;638;96;90;908;180;116;30;834;119;96;121;48;1;116;300;36;218;254;0;29;256;336
6806101302;W;00:56:52;28;74;64;89;136;Core;Core;Support;Core;Support;Bottom;Middle;Roaming;Top;Bottom;26;35;65;156000;3000;3100;178800;6800;24500;24;28;1;116;112;172;63;135;573;96;600;220;116;110;235;300;102;214;256;36;108;30;336;139;114;208;147;250;160;311;50;116;0;908;267;33;364
6806146943;W;00:34:43;51;80;52;128;96;Support;Core;Core;Support;Core;Top;Top;Middle;Bottom;Bottom;17;5;31;75600;2400;2800;53800;528;32900;16;28;11;214;36;102;218;37;212;16;29;0;16;0;16;381;1;116;41;48;121;273;306;180;908;36;102;30;30;675;29;1;229;102;36;125;289
6829521976;W;01:07:06;9;89;76;61;19;Support;Core;Core;Core;Support;Top;Top;Middle;Bottom;Roaming;47;35;139;188600;3300;3300;237900;9500;27500;31;47;931;102;226;92;30;256;372;250;114;147;225;117;139;291;1;96;247;48;235;0;366;96;908;235;0;29;256;301;50;600;235;256;40;102;678
6809888330;L;00:43:52;84;11;61;106;86;Support;Core;Core;Core;Support;Top;Top;Bottom;Middle;Bottom;17;40;30;76000;2000;2500;110900;4300;9000;20;39;218;214;34;190;0;0;331;172;263;116;63;141;135;376;178;908;63;90;108;596;949;50;116;569;119;108;41;289;1;214;226;232;36;218;676
6809417403;W;00:34:21;85;35;33;114;19;Support;Core;Core;Core;Support;Top;Middle;Bottom;Top;Bottom;26;3;61;74500;2400;2900;70000;8600;29400;17;32;229;216;43;214;34;185;834;63;116;263;172;156;141;288;235;244;1;908;116;29;290;30;63;116;36;168;252;573;214;1;100;43;0;36;574
6829692346;L;00:44:52;5;109;137;92;51;Support;Core;Core;Core;Support;Top;Top;Middle;Bottom;Roaming;25;40;56;80600;2300;3000;97800;3800;6600;19;31;29;102;244;0;232;42;676;263;160;116;63;225;141;837;50;1;119;36;108;116;571;908;214;185;112;0;0;311;108;190;162;214;218;102;573
6818469926;W;00:51:59;92;58;41;128;17;Core;Support;Core;Support;Core;Bottom;Top;Top;Middle;Middle;35;25;83;116700;2600;3300;136300;8800;27600;24;44;931;908;96;30;108;112;335;102;226;216;269;216;63;288;603;147;116;110;158;160;825;102;187;37;214;1;36;949;40;63;98;110;273;116;300
6808212619;L;00:39:30;75;95;33;106;7;Support;Core;Core;Core;support;Roaming;Bottom;Top;Middle;Top;15;33;40;62000;1900;2200;82600;2500;5700;19;36;218;180;0;254;40;0;680;50;145;116;143;40;154;381;244;908;1;36;123;29;990;50;123;21;166;108;36;361;1;180;216;9;34;43;676
6808212619;W;00:39:30;11;17;38;136;20;Core;Core;Core;support;support;Top;Middle;Bottom;Top;Roaming;32;15;64;93600;2500;3300;93700;12400;35100;19;35;263;156;116;249;117;139;381;610;534;273;116;30;63;361;29;635;36;100;226;232;358;1;0;116;36;40;50;828;226;36;40;29;0;0;574
6819203954;L;00:50:59;136;33;106;85;14;Support;Core;Core;Support;Core;Bottom;Top;Middle;Bottom;Bottom;48;41;131;102900;2600;3600;180000;21300;20600;24;43;116;36;1;143;244;50;364;29;908;1;116;235;256;675;256;116;1;166;273;141;335;102;931;218;37;0;269;336;1;119;116;110;123;108;300
6819203954;W;00:50:59;5;52;120;100;54;Support;Core;Core;Support;Core;Roaming;Bottom;Middle;Roaming;Top;39;48;107;95300;2600;3400;182800;3100;21200;25;42;102;931;30;0;36;43;675;1;121;96;273;220;116;300;48;116;235;1;174;208;311;50;43;116;1;36;593;364;50;116;168;151;143;112;381
6806047119;L;00:57:19;70;39;86;96;66;Core;Core;Support;Core;Support;Bottom;Middle;Bottom;Top;Top;24;35;64;109400;2200;2800;154100;26300;17400;27;51;1;174;116;208;247;156;571;96;534;112;116;250;48;837;1;214;0;102;232;110;825;50;102;119;210;1;37;364;102;79;908;0;36;931;949
6806047119;W;00:57:19;33;97;11;100;93;Support;Core;Core;Support;Core;Bottom;Bottom;Middle;Roaming;Top;35;24;97;121300;2500;3100;182400;9900;24400;26;48;1;180;908;123;244;116;290;1;232;116;226;102;63;585;139;116;156;604;263;249;376;29;100;102;1;30;256;571;174;116;108;143;117;110;837
6806547123;W;00:30:28;5;81;76;92;19;Support;Core;Core;Core;Support;Bottom;Bottom;Middle;Top;Top;25;8;63;67100;2400;2900;65100;6400;16100;15;28;0;102;36;185;214;30;834;151;1;116;63;117;252;1076;1;232;65;108;256;48;289;11;908;214;112;244;77;680;29;1;34;244;232;102;212
6806547123;L;00:30:28;123;136;78;37;10;Support;Core;Core;Support;Core;Bottom;Middle;Bottom;Top;Top;8;25;15;43900;1700;1800;49900;4300;1900;14;27;36;0;237;29;232;39;675;8;50;36;41;116;240;288;908;108;36;214;11;0;306;34;244;218;593;188;29;349;36;63;147;123;596;24;212
6809576271;L;00:48:12;120;65;58;46;75;Core;Core;Support;Core;Support;Top;Middle;Bottom;Bottom;Top;43;24;97;94100;2300;3400;143000;1700;6800;23;32;1;116;112;143;63;174;376;259;1;534;48;116;235;837;263;81;63;36;0;0;825;603;168;249;135;116;263;573;214;0;36;263;110;218;336
6809576271;W;00:48:12;30;33;11;51;14;Support;Core;Core;Support;Core;Top;Bottom;Middle;Roaming;Top;24;43;57;96100;2400;3100;115800;8100;22300;22;38;1;29;30;0;36;244;300;1;29;226;232;908;123;676;48;116;156;139;263;249;361;214;102;0;1;40;36;837;48;119;108;1;131;116;335
6806442183;L;00:48:25;112;48;9;92;7;Support;Core;Core;Core;Support;Roaming;Bottom;Middle;Top;Top;16;37;42;80100;2000;2700;126800;10700;12900;22;42;102;1;244;180;75;43;675;116;139;60;63;263;26;837;1;96;176;596;108;63;300;931;908;112;244;0;108;949;75;1;162;214;232;102;676
6806442183;W;00:48:25;123;11;136;37;14;Support;Core;Core;Support;Core;Roaming;Middle;Bottom;Top;Top;37;16;86;104200;2600;3300;120400;30800;35400;23;42;1;36;30;48;235;256;361;604;110;135;263;116;141;311;116;1;143;50;596;40;638;34;214;0;102;0;908;336;112;30;50;178;242;1;825
6817021418;W;00:51:32;33;71;106;5;54;Core;Support;Core;Support;Core;Top;Top;Middle;Bottom;Bottom;43;30;113;110900;2600;3500;169000;15700;35300;27;49;1;116;908;232;29;110;676;50;277;185;116;31;108;335;220;116;110;273;108;96;311;102;29;185;254;90;43;336;117;116;168;133;208;112;638
6817021418;L;00:51:32;61;19;13;64;14;Core;Support;Core;Support;Core;Bottom;Roaming;Middle;Top;Top;29;43;70;97500;2400;3200;133300;8000;8900;26;46;143;90;63;38;226;908;638;0;102;1;50;100;0;585;600;235;256;48;534;273;362;100;102;79;218;180;36;300;119;116;1;108;29;273;834
6831727836;W;00:38:29;58;7;6;38;74;Support;Support;Core;Core;Core;Top;Bottom;Bottom;Top;Middle;31;23;81;913000;2600;3300;120000;3300;28500;17;33;185;63;263;188;36;112;288;0;0;1;36;214;102;676;249;263;147;116;63;117;381;635;102;1;244;0;29;834;96;1;63;263;65;116;573
6831727836;L;00:38:29;85;78;25;100;54;Support;Core;Core;Support;Core;Top;Bottom;Middle;Roaming;Top;23;32;56;63600;2000;2500;79700;17600;9400;19;34;269;29;218;254;244;0;331;1;214;908;256;40;73;676;48;116;57;596;263;249;376;214;40;244;1;36;37;675;50;168;112;151;225;11;573
6818958825;W;00:57:30;86;33;129;5;4;Support;Core;Core;Support;Core;Top;Bottom;Middle;Bottom;Top;49;37;132;116000;2600;3500;202600;8500;23100;26;48;102;123;1;244;29;256;300;29;110;1;116;235;256;311;116;50;600;96;110;256;676;36;43;931;102;30;31;585;603;256;116;158;143;160;825
6818958825;L;00:57:30;31;120;52;19;54;Support;Core;Core;Support;Core;Bottom;Top;Middle;Top;Bottom;36;49;87;131800;2700;3500;166900;3400;25700;28;44;102;29;232;185;218;226;300;1;220;256;143;100;235;825;220;116;610;600;121;96;571;931;116;0;1;40;108;335;50;116;168;151;208;156;837
6815257918;W;00:42:52;52;31;128;109;78;Core;Support;Support;Core;Core;Middle;Bottom;Top;Bottom;Top;20;15;57;101100;2500;3000;87200;10200;27500;20;40;48;96;121;33;1;116;300;36;218;254;256;0;29;675;40;79;36;48;102;0;680;117;147;139;263;141;160;362;178;30;908;112;256;214;585
6815257918;L;00:42:52;5;38;11;136;70;Support;Core;Core;Support;Core;Bottom;Bottom;Middle;Roaming;Top;15;21;34;79500;2300;2900;78700;4800;7500;21;38;102;214;0;254;218;36;300;1;635;29;61;116;232;381;63;116;0;604;108;36;311;50;102;36;40;31;244;364;50;116;135;1;156;145;335
6810903010;L;00:43:50;136;28;7;35;52;Support;Core;Core;Core;Core;Middle;Top;Roaming;Middle;Bottom;21;39;43;68000;1900;2300;105700;5100;2000;21;42;218;86;34;50;40;88;949;63;172;1;75;112;116;309;1;40;0;29;34;232;289;168;75;263;63;55;141;376;29;100;9;127;121;1;834
6810903010;W;00:43:50;54;25;96;137;31;Core;Core;Core;Support;Support;Top;Middle;Bottom;Roaming;Top;39;21;96;112000;2800;3800;112100;14800;30400;20;36;50;151;600;143;160;168;335;249;96;48;156;116;112;309;1;30;29;226;114;908;676;1;0;116;9;108;214;571;229;36;218;77;231;102;675
6809456477;L;00:44:19;87;11;110;14;19;Support;Core;Core;Core;Support;Bottom;Middle;Top;Bottom;Roaming;17;23;37;77500;2000;2500;78600;2900;9200;21;36;214;30;40;108;36;218;290;63;156;249;263;123;116;288;96;908;267;214;73;36;289;116;1;50;119;125;108;311;1;50;42;36;37;102;676
6809456477;W;00:44:19;103;74;92;10;137;Support;Core;Core;Core;Support;Top;Middle;Bottom;Top;Roaming;23;17;54;93500;2400;3300;85900;5600;26500;20;35;185;116;38;214;9;36;638;235;116;65;267;9;48;336;108;116;908;30;112;29;585;108;139;116;147;33;160;376;214;36;116;0;244;40;825
6818633775;L;00:33:59;96;31;52;93;79;Core;Support;Core;Core;Core;Top;Bottom;Middle;Bottom;Roaming;11;32;31;58500;1900;2300;71800;0;1600;16;26;1;210;40;9;125;214;680;254;593;218;36;29;40;306;36;1;31;116;121;29;834;63;108;143;36;65;252;309;29;1;232;36;108;218;676
6818633775;W;00:33:59;85;120;25;136;6;Support;Core;Core;Support;Core;Top;Bottom;Middle;Bottom;Top;32;11;80;71700;2500;3200;98600;17600;28100;17;31;102;29;188;269;131;0;290;1;180;908;34;73;30;358;48;116;41;596;263;249;376;50;143;244;116;36;0;381;263;116;36;63;75;147;288
6808247109;L;00:24:32;33;51;10;98;120;Support;Support;Core;Core;Core;Bottom;Top;Middle;Top;Bottom;8;27;16;34800;1600;1900;44600;0;242;12;20;0;180;218;216;36;1;356;214;188;218;36;21;23;840;36;147;41;22;63;21;358;273;9;178;36;73;180;947;244;11;1;569;180;36;990
6808247109;W;00:24:32;5;89;100;38;85;Support;Core;Core;Core;Support;Top;Top;Middle;Bottom;Bottom;27;8;52;57100;2600;2800;65900;3600;19800;14;25;244;102;36;214;232;218;990;98;244;147;63;36;114;356;50;1;36;168;596;21;680;635;185;29;235;0;0;349;214;102;269;0;218;88;947
6810818538;L;00:37:48;14;51;59;43;31;Core;Support;Core;Core;Support;Bottom;Top;Middle;Top;Bottom;12;35;24;57000;1900;2100;53400;0;2000;18;31;9;116;131;29;108;125;357;214;36;267;0;0;593;680;151;263;116;29;73;9;309;63;1;273;36;596;116;289;29;36;0;102;218;39;290
6810818538;W;00:37:48;5;54;137;61;123;Support;Core;Core;Core;Support;Top;Bottom;Middle;Top;Bottom;35;12;70;84300;2500;3200;88600;8500;18000;19;36;29;102;232;185;244;43;675;151;36;116;50;112;168;309;50;36;119;30;108;116;289;908;210;96;226;90;29;680;180;166;36;232;43;102;573
6811058155;W;00:36:47;114;87;74;54;58;Core;Support;Core;Core;Support;Top;Jungle;Middle;Bottom;Bottom;31;20;56;85700;2500;3600;92100;4300;22100;17;32;75;116;1466;63;0;36;574;180;1;34;40;244;108;990;1;96;116;48;36;65;676;151;50;168;112;600;116;573;63;36;40;263;0;31;288
6811058155;L;00:36:47;5;106;135;85;6;Support;Core;Core;Support;Core;Bottom;Middle;Bottom;Top;Top;20;31;35;64300;2100;2700;83600;2900;4800;17;31;1;36;232;214;59;42;676;108;50;36;166;116;569;289;116;1;168;50;178;40;949;34;0;218;81;29;188;834;75;63;263;249;75;116;376
6816943535;L;00:43:03;128;33;25;100;14;Support;Core;Core;Support;Core;Bottom;Top;Middle;Jungle;Bottom;20;37;48;71900;2000;2600;90100;955;3300;21;38;102;180;34;218;244;0;675;1;29;232;116;908;16;289;48;116;108;1;176;232;300;214;36;37;1;244;593;335;50;116;131;1;108;119;311
6816943535;W;00:43:03;85;19;52;51;35;Core;Support;Core;Support;Core;Bottom;Bottom;Middle;Top;Top;37;21;79;102500;2600;3300;100600;6400;20300;21;40;596;90;50;36;908;226;571;244;102;1;50;43;21;949;1;96;121;48;30;116;331;214;102;36;218;244;21;840;158;123;116;141;63;263;362
6806097565;L;00:54:02;75;120;51;35;38;Support;Core;Support;Core;Core;Bottom;Top;Middle;Middle;Bottom;31;35;92;102500;2400;3200;178100;6500;15900;25;42;263;96;190;63;188;218;361;225;208;1;102;908;180;837;40;218;108;214;116;75;311;135;160;263;141;116;158;571;50;127;185;108;116;110;825
6806097565;W;00:54:02;85;10;78;137;5;Support;Core;Core;Core;Support;Middle;Top;Bottom;Middle;Bottom;35;32;86;132700;2800;3300;137800;27200;33700;27;51;102;231;30;37;30;34;574;147;156;116;220;160;141;837;256;908;1;112;65;214;362;50;116;273;119;108;256;364;168;931;102;232;36;218;336
6806481932;L;00:19:30;77;33;93;71;11;Core;Support;Core;Support;Core;Top;Top;Bottom;Roaming;Middle;5;34;11;26100;1400;1600;24300;184;1300;10;15;11;164;908;38;0;0;349;0;0;244;214;0;28;838;174;65;63;28;36;0;945;50;17;36;181;40;244;355;41;63;21;8;0;16;1077
6806481932;W;00:19:30;75;107;28;52;35;Support;Support;Core;Core;Core;Top;Bottom;Top;Bottom;Middle;34;6;53;41300;2300;2800;53300;195;6600;9;18;77;63;37;39;77;43;349;214;0;100;34;38;43;589;244;1;172;36;63;73;306;265;121;77;29;100;77;840;75;117;63;263;172;152;355
6829184970;L;00:44:56;35;71;108;52;5;Core;Support;Core;Core;Support;Bottom;Middle;Top;Middle;Bottom;27;29;66;82600;2300;3100;99100;3300;11000;21;40;249;26;116;263;63;139;837;108;185;36;50;152;244;573;112;0;908;242;116;29;949;48;123;121;9;1;116;300;36;185;254;218;214;232;336
6829184970;W;00:44:56;31;61;25;136;4;Support;Core;Core;Support;Core;Top;Bottom;Middle;Bottom;Top;29;27;66;91300;2400;3200;108200;6000;21600;22;43;102;48;244;218;36;0;290;90;180;178;908;75;108;311;48;116;156;123;263;141;376;50;116;36;1;40;244;825;50;116;158;1;143;0;381
6815355000;W;00:41:02;52;88;78;66;89;Core;Support;Core;Support;Core;Middle;Middle;Top;Bottom;Bottom;22;20;45;100300;2500;2800;88800;6100;33900;20;38;121;226;36;33;273;48;834;180;60;21;244;102;36;585;214;908;267;36;108;0;574;931;102;187;188;218;86;946;208;147;98;174;160;114;573
6815355000;L;00:41:02;54;106;5;38;9;Core;Core;Support;Core;Support;Top;Middle;Bottom;Bottom;Middle;20;22;49;72300;2100;2500;110100;6900;5600;18;34;50;158;151;208;116;210;376;116;50;77;166;108;216;361;36;214;21;40;218;102;834;635;1;57;116;244;29;949;102;267;40;36;180;42;289
6811064974;W;00:33:10;85;87;23;78;99;Support;Support;Core;Core;Core;Top;Bottom;Middle;Top;Bottom;28;4;79;73000;2400;2700;81200;13400;25100;16;30;244;30;231;43;40;36;834;265;254;188;180;36;0;306;50;112;210;73;36;116;355;210;92;908;29;108;36;838;117;108;50;156;9;125;574
6811064974;L;00:33:10;136;43;61;46;123;Support;Core;Core;Core;Support;Top;Middle;Bottom;Top;Bottom;3;29;9;51500;1700;1900;52000;1300;6600;15;27;29;116;43;0;34;244;949;29;36;116;100;9;77;573;596;36;63;116;908;0;212;149;63;116;236;168;88;381;180;36;229;0;0;188;990
6808416013;W;00:41:07;114;87;120;109;85;Core;Support;Core;Core;Support;Top;Roaming;Middle;Bottom;Bottom;46;17;117;89000;2500;3200;104900;5700;25000;20;38;123;33;116;50;569;252;638;29;1;36;102;108;40;990;1;226;174;48;123;143;361;147;156;160;63;117;116;362;29;79;40;0;254;226;834
6808416013;L;00:41:07;75;74;11;104;88;Support;Core;Core;Core;Support;Bottom;Middle;Top;Bottom;Top;17;46;41;68400;2100;2500;87800;2100;2400;19;36;180;102;34;11;0;218;834;1;110;96;48;0;116;311;141;263;116;139;63;36;362;36;127;50;11;1;21;376;214;102;1;11;0;36;300
6810903428;W;00:41:07;58;41;78;120;75;Support;Core;Core;Core;Support;Bottom;Bottom;Top;Middle;Top;28;15;78;103000;2500;3200;97000;8100;25200;19;35;102;63;36;116;236;43;361;249;63;116;158;123;65;638;116;908;1;112;65;50;574;180;1;174;143;569;108;828;931;30;102;232;36;43;336
6810903428;L;00:41:07;5;52;69;54;51;Support;Core;Core;Core;Support;Roaming;Middle;Bottom;Top;Top;14;28;28;77600;2300;2700;65500;2700;6200;18;35;1;0;218;102;36;214;675;116;273;121;48;31;9;376;235;29;1;65;108;116;364;151;147;36;50;168;143;335;214;36;908;244;31;0;834
6809858739;L;00:35:57;98;13;58;70;79;Core;Core;Support;Core;Support;Top;Middle;Bottom;Bottom;Jungle;13;38;22;67800;2100;2600;71800;3400;864;17;27;1;108;180;273;116;178;680;256;1;176;63;534;232;289;43;29;40;36;79;20;212;1;143;145;50;116;36;381;29;108;244;36;218;0;675
6809858739;W;00:35:57;5;92;137;52;41;Support;Core;Support;Core;Core;Top;Bottom;Bottom;Middle;Top;37;13;82;77500;2500;3400;90200;3700;21800;18;30;254;43;190;102;36;214;357;29;185;96;30;908;108;212;1;593;36;31;116;214;381;121;273;116;48;1;119;376;63;210;36;160;166;65;306
6809783372;L;00:34:08;123;137;61;79;48;Support;Core;Core;Support;Core;Roaming;Middle;Top;Bottom;Bottom;13;37;25;56200;1900;2000;54400;110;6900;16;31;36;232;254;29;240;218;676;41;50;36;244;116;259;574;98;116;598;63;178;596;289;34;214;43;188;1;216;290;36;63;147;160;236;116;573
6809783372;W;00:34:08;106;51;5;41;52;Core;Support;Support;Core;Core;Bottom;Bottom;Top;Top;Middle;37;13;68;82400;2600;3500;96100;696;17300;17;27;50;1;267;569;273;60;289;11;244;36;180;108;0;834;1;102;34;218;214;244;949;116;158;63;65;156;123;381;36;48;600;273;116;121;589
6810825713;W;00:40:06;88;128;19;87;14;Support;Core;Core;Support;Core;Top;Top;Middle;Bottom;Bottom;40;22;96;92800;2500;3500;113300;3900;18500;19;34;36;256;102;30;0;214;680;63;908;102;596;73;108;289;141;252;1;116;50;112;362;36;108;102;218;39;214;290;1;176;116;119;110;108;376
6810825713;L;00:40:06;9;120;28;51;11;Support;Core;Core;Support;Core;Bottom;Middle;Bottom;Top;Top;20;42;48;62800;1900;2500;97900;2200;1500;18;33;36;267;908;29;598;40;289;174;63;143;569;116;108;828;116;1;172;63;40;73;574;36;63;31;102;42;188;676;36;63;263;141;88;116;573
6809481249;W;00:46:13;136;135;73;5;72;Support;Core;Core;Support;Core;Bottom;Top;Middle;Top;Bottom;30;30;72;101900;2600;3000;134000;21000;20400;21;38;36;0;102;75;75;214;825;50;0;908;108;0;36;311;112;600;50;119;116;137;381;43;254;0;102;214;36;336;156;133;116;158;33;139;638
6810825713;L;00:46:13;128;81;74;38;85;Support;Core;Core;Core;Support;Jungle;Top;Middle;Bottom;Bottom;30;30;86;97700;2500;3200;139800;10000;7900;22;41;254;102;0;931;232;218;336;151;1;116;63;250;112;290;1;96;110;65;48;116;300;210;635;29;102;235;0;311;180;102;269;75;244;210;949
6809719707;W;00:36:57;78;48;88;51;13;Core;Core;Support;Support;Core;Top;Bottom;Roaming;Bottom;Middle;18;10;43;83400;2400;2600;85800;4300;28700;18;34;214;92;908;108;137;73;834;263;147;117;116;139;160;376;29;34;256;244;102;232;949;218;102;100;36;214;188;290;256;63;600;36;273;534;357
6809719707;L;00:36:57;128;52;33;57;93;Support;Core;Core;Support;Core;Bottom;Middle;Bottom;Top;Top;10;18;20;60400;1900;2200;55700;6800;5400;17;32;36;108;40;214;0;0;290;244;36;48;121;116;273;289;116;1;908;180;244;40;990;34;29;218;0;244;256;947;36;598;108;174;63;485;381
